<?xml version="1.0" encoding="utf-8"?><index xmlns:xi="http://www.w3.org/2001/XInclude"><es><i i="a"><e n="attributeset element" t="13">attributeSet element</e><e n="attributeset element   dictionary schema" t="13">dictionary schema</e><e n="attribute element" t="14">attribute element</e><e n="attributeset element" t="15">attributeSet element</e><e n="attributevalue element" t="16">attributeValue element</e></i><i i="d"><e n="dictionary schema" t="1">dictionary schema</e><e n="dictionary schema" t="2">dictionary schema</e><e n="dictionary schema   dictionary element" t="2">dictionary element</e><e n="dictionary element" t="2">dictionary element</e><e n="dictionary element   dictionary schema" t="2">dictionary schema</e><e n="dictionary schema" t="3">dictionary schema</e><e n="dictionary schema   variable element" t="3">variable element</e><e n="dictionary schema" t="4">dictionary schema</e><e n="dictionary schema   missingvalue element" t="4">missingValue element</e><e n="dictionary schema" t="5">dictionary schema</e><e n="dictionary schema   variableformat element" t="5">variableFormat element</e><e n="dictionary schema" t="6">dictionary schema</e><e n="dictionary schema   dictionary element" t="6">dictionary element</e><e n="dictionary element" t="6">dictionary element</e><e n="dictionary element   dictionary schema" t="6">dictionary schema</e><e n="dictionary schema" t="7">dictionary schema</e><e n="dictionary schema   weightvariable element" t="7">weightVariable element</e><e n="dictionary schema" t="8">dictionary schema</e><e n="dictionary schema   valuelabelset element" t="8">valueLabelSet element</e><e n="dictionary schema" t="9">dictionary schema</e><e n="dictionary schema   valuelabel element" t="9">valueLabel element</e><e n="dictionary schema" t="10">dictionary schema</e><e n="dictionary schema   valuelabelvariable element" t="10">valueLabelVariable element</e><e n="dictionary schema" t="11">dictionary schema</e><e n="dictionary schema   multipleresponseset element" t="11">multipleResponseSet element</e><e n="dictionary schema" t="12">dictionary schema</e><e n="dictionary schema   variableset element" t="12">variableSet element</e><e n="dictionary element" t="12">dictionary element</e><e n="dictionary element   variableset schema" t="12">variableSet schema</e><e n="dictionary schema" t="13">dictionary schema</e><e n="dictionary schema   attributeset element" t="13">attributeSet element</e><e n="dictionary element" t="17">dictionary element</e></i><i i="e"><e n="extension element" t="18">extension element</e></i><i i="l"><e n="legal notices" t="35">legal notices</e></i><i i="m"><e n="missingvalue element" t="4">missingValue element</e><e n="missingvalue element   dictionary schema" t="4">dictionary schema</e><e n="multipleresponseset element" t="11">multipleResponseSet element</e><e n="multipleresponseset element   dictionary schema" t="11">dictionary schema</e><e n="missingvalue element" t="19">missingValue element</e><e n="multipleresponseset element" t="20">multipleResponseSet element</e><e n="multipleresponsesetcategorylabels element" t="21">multipleResponseSetCategoryLabels element</e><e n="multipleresponsesetdichotomy element" t="22">multipleResponseSetDichotomy element</e><e n="multipleresponsesetlabel element" t="23">multipleResponseSetLabel element</e><e n="multipleresponsesetlabelsource element" t="24">multipleResponseSetLabelSource element</e><e n="multipleresponsesetvariable element" t="25">multipleResponseSetVariable element</e></i><i i="t"><e n="trademarks" t="35">trademarks</e></i><i i="v"><e n="variable element" t="3">variable element</e><e n="variable element   dictionary schema" t="3">dictionary schema</e><e n="variableformat element" t="5">variableFormat element</e><e n="variableformat element   dictionary schema" t="5">dictionary schema</e><e n="valuelabelset element" t="8">valueLabelSet element</e><e n="valuelabelset element   dictionary schema" t="8">dictionary schema</e><e n="valuelabel element" t="9">valueLabel element</e><e n="valuelabel element   dictionary schema" t="9">dictionary schema</e><e n="valuelabelvariable element" t="10">valueLabelVariable element</e><e n="valuelabelvariable element   dictionary schema" t="10">dictionary schema</e><e n="valuelabel element" t="26">valueLabel element</e><e n="valuelabelset element" t="27">valueLabelSet element</e><e n="valuelabelvariable element" t="28">valueLabelVariable element</e><e n="variable element" t="29">variable element</e><e n="variableformat element" t="30">variableFormat element</e><e n="variablewriteformat element" t="31">variableWriteFormat element</e><e n="variableset element" t="32">variableSet element</e><e n="variablesetvariable element" t="33">variableSetVariable element</e></i><i i="w"><e n="weightvariable element" t="7">weightVariable element</e><e n="weightvariable element   dictionary schema" t="7">dictionary schema</e><e n="weightvariable element" t="34">weightVariable element</e></i></es><ts><t u="dictionary_schema_intro.htm" t="1">Dictionary Schema Overview</t><t u="dictionary_element.htm" t="2">dictionary Element</t><t u="variable_element.htm" t="3">variable Element</t><t u="missingvalue_element.htm" t="4">missingValue Element</t><t u="variableformat_element.htm" t="5">variableFormat Element</t><t u="variablewriteformat_element.htm" t="6">variableWriteFormat Element</t><t u="weightvariable_element.htm" t="7">weightVariable Element</t><t u="valuelabelset_element.htm" t="8">valueLabelSet Element</t><t u="valuelabel_element.htm" t="9">valueLabel Element</t><t u="valuelabelvariable_element.htm" t="10">valueLabelVariable Element</t><t u="multipleresponseset_element.htm" t="11">multipleResponseSet Element</t><t u="variableset_element.htm" t="12">variableSet Element</t><t u="attributeset_element.htm" t="13">attributeSet Element</t><t u="dictionary-1.0_elems_attribute.htm" t="14">attribute Element</t><t u="dictionary-1.0_elems_attributeset.htm" t="15">attributeSet Element</t><t u="dictionary-1.0_elems_attributevalue.htm" t="16">attributeValue Element</t><t u="dictionary-1.0_elems_dictionary.htm" t="17">dictionary Element</t><t u="dictionary-1.0_elems_extension.htm" t="18">extension Element</t><t u="dictionary-1.0_elems_missingvalue.htm" t="19">missingValue Element</t><t u="dictionary-1.0_elems_multipleresponseset.htm" t="20">multipleResponseSet Element</t><t u="dictionary-1.0_elems_multipleresponsesetcategorylabels.htm" t="21">multipleResponseSetCategoryLabels Element</t><t u="dictionary-1.0_elems_multipleresponsesetdichotomy.htm" t="22">multipleResponseSetDichotomy Element</t><t u="dictionary-1.0_elems_multipleresponsesetlabel.htm" t="23">multipleResponseSetLabel Element</t><t u="dictionary-1.0_elems_multipleresponsesetlabelsource.htm" t="24">multipleResponseSetLabelSource Element</t><t u="dictionary-1.0_elems_multipleresponsesetvariable.htm" t="25">multipleResponseSetVariable Element</t><t u="dictionary-1.0_elems_valuelabel.htm" t="26">valueLabel Element</t><t u="dictionary-1.0_elems_valuelabelset.htm" t="27">valueLabelSet Element</t><t u="dictionary-1.0_elems_valuelabelvariable.htm" t="28">valueLabelVariable Element</t><t u="dictionary-1.0_elems_variable.htm" t="29">variable Element</t><t u="dictionary-1.0_elems_variable_variableformat.htm" t="30">variableFormat Element</t><t u="dictionary-1.0_elems_variable_variablewriteformat.htm" t="31">variableWriteFormat Element</t><t u="dictionary-1.0_elems_variableset.htm" t="32">variableSet Element</t><t u="dictionary-1.0_elems_variablesetvariable.htm" t="33">variableSetVariable Element</t><t u="dictionary-1.0_elems_weightvariable.htm" t="34">weightVariable Element</t><t u="legalnotices.htm" t="35">Notices</t></ts></index>