<?xml version='1.0' encoding='utf-8'?><i><ws>
<w d=" Í.¡Ľ.¢ōŭ.¤öė.¥ąĦ.³Ã.µÒÙàçîõü.¸ÇÖ.¿·¾.Áéð.ÄÂ">0</w>
<w d="¡Ę">08</w>
<w d=" Ì.¡ļ.¤ĳŌǦǮ.§ě.¨Ā.ªĐ.¬ß.±Ū.²Å.µÛ÷.¸Ìá.ÁÜÞâäò.Âïñ.Ãïñ">1</w>
<w d="¤ě.¥Ī">10</w>
<w d="Çņ">10504</w>
<w d="¢ţ">11</w>
<w d="¨ð">120</w>
<w d="Çů">14</w>
<w d="ÂŬ.ÃŬ">16</w>
<w d="ÇŮ">1623</w>
<w d="ÇŇ">1785</w>
<w d="ÇϬ">1993</w>
<w d="¤ǳ.§Ġ">2</w>
<w d="¡ĝ">200</w>
<w d="¡ī">2001</w>
<w d="¡ė">2002</w>
<w d="Çϭ">2007</w>
<w d="Çɺ">233</w>
<w d="¤Ĵōǧ">234</w>
<w d="¡ě">24</w>
<w d="Çų">242</w>
<w d="¢ę">255</w>
<w d="¡ę">26t14</w>
<w d="¤Ǹ.§ĥ.Áë">3</w>
<w d="¡ù">3166</w>
<w d="Áć.Âţ.Ãţ">32767</w>
<w d="¤ǽ">4</w>
<w d="¡Ě">49</w>
<w d="¤Ȃ">5</w>
<w d="¤ĵŎǨ">567</w>
<w d="Çʀ">60606</w>
<w d="¡ò">639</w>
<w d="¢ł">64</w>
<w d="£ľ">8</w>
<w d="ÇŴ">8502</w>
<w d="¡þ">8601</w>
<w d="¤Ķŏǩ">89</w>
<w d="£Ł">9</w>
<w d=" ÂÅØê.¢ĈĒĕġĻľŒ.£Úåöÿī.¤ðĜīĺńǞ.¥ÿ.¦û.§ó.¨ÙÝèì.©Ûàë.ªú.«Ë.¬Ê.­ßäèíð.®¬.¯§«¯¼Â.°Ĥĭ.±øĀĈĐķŲ.²©.³©.¶¬.·ª.¸©.¾ª.¿©.Á©.Â¶ú.Ã¶ú.Ä©.ÇŊƫʓ͎γϘ">a</w>
<w d="Çɑ">about</w>
<w d="Ç˗">accuracy</w>
<w d="¡Ć.¦ã.§Ą.ªï.°ø">active</w>
<w d="Ç̣">actual</w>
<w d="¤ƙ.ÂÈĞ.ÃÈĞ">adate</w>
<w d="¡Ü">addition</w>
<w d="Çˬ">addressed</w>
<w d="Ç̟">addresses</w>
<w d="Ç͚ͪ͜ЃЋ">adobe</w>
<w d="¡Č">affected</w>
<w d="¤Ǔ">after</w>
<w d="Çʭʲʶ">agreement</w>
<w d="¤ğ.Â·ü.Ã·ü">ahex</w>
<w d=" þ.¢èéŠ.Á´ĉ">alignment</w>
<w d="¤Đ.¥ğ.Çʝ̒Ξ">all</w>
<w d="ÇƲ">allow</w>
<w d="«À.¬¿.­Ô">also</w>
<w d="¤õ.¥Ą">always</w>
<w d="¤ƚ">american</w>
<w d=" ®.¥ç.ÇÖȐ̢">an</w>
<w d="¡àó.¢à.¤ÚóĪŃƎƭǁǅǎǝ.¥Ă.§Ü.­Ð.±ÚäéŎ.µ¹.·°.Ç®ÌċŧǥǬȈȦɡɧʋʜ˓˹̘̞̲̐͂͟ͱΈΙΝΡυϣϰϸ">and</w>
<w d="Çˇ">announcements</w>
<w d="£Ĉ.µ¾.ÁÔ.Â³é.Ã³é.ÇÓîùĐĮƁƗǶǺȌȶȽɄʴ˜̙">any</w>
<w d="Ç̷">appear</w>
<w d="Çĝ">applications</w>
<w d="ÇŻǁ">apply</w>
<w d="ÇɁʉ">appropriate</w>
<w d="¢Ü.ªè.«©.°ò.·².ÇƇǎȃȜʣ̖̫̈́ͣΊΣω">are</w>
<w d="ÇÒ">area</w>
<w d="Çń">armonk</w>
<w d="¤ĦĭĿņǙǠ.­¸.±œ.Çƒȏ̃̅">as</w>
<w d="¢Ø.¨÷.©Ùö.¯©">associated</w>
<w d="ÇǵȘȭ͙">at</w>
<w d="Çɸ">attention</w>
<w d=" ĨıŝŦ.¢ĥ.£ĩķ.¦ý.©í.ªü.«Í.¬Ì.­á.®È.¯¾.°ĄĦ.±ãæĂĒėĲŁŃōŗŞŦūŴŵ.²¡£¥§­°±À.³³Á.´¬.µ¯.¶Â.··.¸·.¹¬.º¬.»¬.¼¬.½¬.¾±.À¬.Á¯.Â¬.Ã¬.Ä².Å¬.Æ³">attribute</w>
<w d="¡ç.¢×ßç.£ð.¤ç.¥ö.§Ĕ.¨æ.±ÝĪņ.²®.³¯°.´©.µ¬.¶¿.·´.¸´.¹©.º©.»©.¼©.½©.¾®.À©.Á¬.Â©.Ã©.Ä¯.Å©.Æ°">attributes</w>
<w d=" ĥĲŚŧ.¡Ŏ.¢Ű.±¡©«­¯±³µ·¹»½¿ÔòĔĬļŨŶ.³¡£¥§²¾.µó.Áî">attributeset</w>
<w d=" Įţ.±ĻŚŰ.²Ã.´¡£¥§«·">attributevalue</w>
<w d="ÇÏʆʠˋ͕">available</w>
<w d="²Ó.µă.·Ì.¹½.¼¼.ÁăČęĬ.ÂöşŨ.ÃöşŨ">base</w>
<w d=" ë.ÇϪ">basic</w>
<w d="¢ôį.£ć.«Á.¬À.­Õ.Çìÿǘʅ˫ϼ">be</w>
<w d="±ħ.Çɱ">been</w>
<w d="£û">beginning</w>
<w d="Çɀ">believes</w>
<w d="Çɝʷ">between</w>
<w d="¤ŕŜţŪŰ">binary</w>
<w d="­õ.ÁÎĴ.Çΰπϕ">both</w>
<w d="Ç̏">brands</w>
<w d="Çƍ˾̤">business</w>
<w d="­ó.Çƞ">but</w>
<w d="¡č.Çʥ̡">by</w>
<w d="¢ĚŃŚ.¤Ą.¥ē.¨ñ.¶·">bytes</w>
<w d="¢óĮ.£ÝĆ.¦è.§ê.ªß.«².¬±.­Äë.®³.°é.±ì.ÇĴ">can</w>
<w d="Ç˔">cannot</w>
<w d="Ç˦">capabilities</w>
<w d="¤Ē.¥ġ.Æ­">case</w>
<w d="µÅ.Çʐ">cases</w>
<w d="Çł">castle</w>
<w d="¸³">categorical</w>
<w d="«¨">categories</w>
<w d="ªĤ.«×.¬Õ.­ø">category</w>
<w d="¤Ǫ.ÂÒĲ.ÃÒĲ">cca</w>
<w d="¤ǯ.ÂÓĴ.ÃÓĴ">ccb</w>
<w d="¤Ǵ.ÂÔĶ.ÃÔĶ">ccc</w>
<w d="¤ǹ.ÂÕĸ.ÃÕĸ">ccd</w>
<w d="¤Ǿ.ÂÖĺ.ÃÖĺ">cce</w>
<w d="Ç΂">celeron</w>
<w d=" Ā.¢ø.Á·Ē">center</w>
<w d="Ç;΀">centrino</w>
<w d="Çƺ">certain</w>
<w d="ÇǍǖǧ">changes</w>
<w d="ÇŐ">character</w>
<w d="¤Ğġ">characters</w>
<w d="Çɾ">chicago</w>
<w d="¡ĿŇ.¢áŮ.§Ī.ªĭ.°Ď.±ùĉĩİĹ">child</w>
<w d="Ç˞">claims</w>
<w d="Ç̨">coincidental</w>
<w d="Ç̳">color</w>
<w d="¢ú">column</w>
<w d="¡ĢĲĸ.Ḉϵ">com</w>
<w d="¤Ģǟ.Â¸þ.Ã¸þ">comma</w>
<w d="¥î">command</w>
<w d="±ç">commands</w>
<w d="¤ĥľ">commas</w>
<w d="Ç̎Ђ">companies</w>
<w d="Ç˚">compatibility</w>
<w d="Ç̄">completely</w>
<w d="Çʺ">concerning</w>
<w d="Çʌ">conditions</w>
<w d="Ç˕">confirm</w>
<w d="ÇÂ">consult</w>
<w d="Çϱ">consulting</w>
<w d="ÇŔɴ">contact</w>
<w d="£Þ.¦é.§áë.ªà.«³.¬².­Åì.®´.°ê.±í">contain</w>
<w d="¢Ý">contained</w>
<w d=" ».£Ö.¤Öã.¥Öò.§Ö.¨Öà.©ãð.ªÖÿ.®Ë.¯²Á.°Öćēĩ.±ÖĽňŘš.Ç˵">contains</w>
<w d="°Þ">control</w>
<w d="ÇȆ">convenience</w>
<w d=" Æ">copy</w>
<w d="Çϫ">copyright</w>
<w d="Çŀ͈ΑύЗ">corporation</w>
<w d="Çǆ">could</w>
<w d="¬¨Ñ">counted</w>
<w d=" Ō.«Ô.¹´Ã">countedvalues</w>
<w d="ÇÁʹΛήξϓϥ">countries</w>
<w d="¡õ.ÇŜƃ">country</w>
<w d="ÇĞ">covering</w>
<w d="Çɟ">created</w>
<w d="µ·">creation</w>
<w d=" û.¡úĖ.µ´ć">creationdatetime</w>
<w d="¤ǬǱǶǻȀ">currency</w>
<w d="Ç͏">current</w>
<w d="ÇÎ">currently</w>
<w d="¤ǫǰǵǺǿ">custom</w>
<w d="Çʬ">customer</w>
<w d="Ç˽">daily</w>
<w d=" ¶¹ÃĞ.¡ĤĴĺ.¢ëïă.£ñòĽŀŅ.¤Ć.¥åĕ.¨õ.µª.¶Çí.·¼Ô.Ç˸">data</w>
<w d="±ŭ">dataattribute1</w>
<w d="±åų">datafile</w>
<w d="¡ć.¦ä.§ą.ªð.°ù.²ª.³¬.µÈ">dataset</w>
<w d="º³¼.¾»Ä">datatype</w>
<w d="¤ęźżƍƛƥȅȏ.¥Ĩ.µ¸.ÂÅĘ.ÃÅĘ">date</w>
<w d="¡û">date-time</w>
<w d=" ü.¤ƌ.µ»Ċ.ÂÇĜ.ÃÇĜ">datetime</w>
<w d="¤ƹ">day</w>
<w d="¤Ƭ">days</w>
<w d="ÇŒ">dbcs</w>
<w d="¤ơƳȊȖ">dd</w>
<w d="¤ƁƔ">dd-mmm-yyyy</w>
<w d="¤ëþįňşŧųǢ.¥úč">decimal</w>
<w d=" Đė.¤èĖ.¥÷ĥ.Â±ť.Ã±ť">decimals</w>
<w d="¡ß">declaration</w>
<w d="¹».¼º.ÁėĪ">default</w>
<w d="¢ŗ.£÷.¤Ø.¥Ø.§äüć.°Ù.±ß">defined</w>
<w d="£Ù">definitions</w>
<w d="Çř">department</w>
<w d="ÇġǱʘ">described</w>
<w d=" ¾.·©.¾©">describes</w>
<w d="²³.³µ.´®.µ±.¶Ä.·¹.¸¹.¹®.º®.»®.¼®.½®.¾³.À®.Á±.Â®.Ã®.Ä´.Å®.Æµ">description</w>
<w d="¢Čť.¨é.­º.®©¼Í">descriptive</w>
<w d=" Þ">detailed</w>
<w d="Ç«">developed</w>
<w d="²ÂË.³À.µÏÖÝäëòù.·Ö.¸ÄÉÐÓØÛÞç.º».»».½».¾Ã.¿´».À».Áæíö.Ä¿È.Å».ÆÂ">di</w>
<w d="°ã">dialog</w>
<w d="¸±">dichotomous</w>
<w d="ªĔ.«­.¬¬.­¥.®Ô">dichotomy</w>
<w d=" ¡¤¦¨«·ºÉËïôöŨ.¡¡£¥§©«­¯±³µ·¹»½¿ÁÃÅÇÉËÍÏÑÓĒĻł.¢£¥§ÁÃÅÇÉËÍÏÑ.££¥§ÁÃÅÇÉËÍÏÑ.¤£¥§ÁÃÅÇÉËÍÏÑ.¥£¥§©«­¯±³µ·¹»½¿ÁÃÅÇÉËÍÏÑ.¦£¥§ÁÃÅÇÉËÍÏÑæ.§£¥§ÁÃÅÇÉËÍÏÑè.¨£¥§ÁÃÅÇÉËÍÏÑ.©£¥§ÁÃÅÇÉËÍÏÑ.ª£¥§ÁÃÅÇÉËÍÏÑÝ.°£¥§»½¿ç.±£¥§ÁÃÅÇÉËÍÏÑèü.µ¡£¥§«®Í">dictionary</w>
<w d="Çļ">director</w>
<w d="ÇƳ">disclaimer</w>
<w d="£Ĳ">discrete</w>
<w d="Ç»">discussed</w>
<w d="¢þ.¤Ù">display</w>
<w d="°á">displayed</w>
<w d=" Ă.¢ùŢ.Á¹ļ">displaywidth</w>
<w d="Çȵ">distribute</w>
<w d="Çưȉ">do</w>
<w d="Ç¾Ĥĩʛ">document</w>
<w d=" à">documentation</w>
<w d="ÇöĪŹ">does</w>
<w d="¢Ğ">doesn</w>
<w d="¤ķļ.Â¹Ā.Ã¹Ā">dollar</w>
<w d="¤Ǖ.ÂÑİ.ÃÑİ">dot</w>
<w d="Çŏ">double-byte</w>
<w d="Çɽ">dr</w>
<w d="ÇŃ">drive</w>
<w d="¤ƫ.ÂÊĢ.ÃÊĢ">dtime</w>
<w d="¤ŷ.ÂÄĖ.ÃÄĖ">e</w>
<w d="¤Þà.¥Üï.§ø">each</w>
<w d="¤ȃ.Â×ļ.Ã×ļ">edate</w>
<w d="Çǜ">editio</w>
<w d="¢ðĄ">editor</w>
<w d="«Ñ.¸°.Çƙͤ">either</w>
<w d="¡¢ª¬®°²´¶¸º¼¾À×Ń.¢¢ª¬®°²´¶¸º¼¾Àæ.£¢ª¬®°²´¶¸º¼¾ÀÕÜì.¤¢ª¬®°²´¶¸º¼¾ÀÕâæ.¥¢ª¬®°²´¶¸º¼¾ÀÕñõ.¦¢ª¬®°²´¶¸º¼¾ÀÕçìóù.§¢ª¬®°²´¶¸º¼¾ÀÕßéöċđī.¨¢ª¬®°²´¶¸º¼¾ÀÕß.©¢ª¬®°²´¶¸º¼¾ÀÕâæé.ª¢ª¬®°²´¶¸º¼¾ÀÕÞòø.«¢¥±¶¹¾ÆÉÚ.¬¢¥°µ¸½ÅÈØ.­¢©ÃÈËÚÝêòû.®¢¥²·¿Å.¯¢¥±º.°¢ª¬®°²´¶¸º¼¾ÀÕèûāĒĢ.±¢ª¬®°²´¶¸º¼¾ÀÕöýĆčĭıĺś.²¢¤¦¨.³¢¤¦¨.´¢¤¦¨.µ¢¤¦¨.¶¢¤¦¨³.·¢¤¦¨.¸¢¤¦¨.¹¢¤¦¨.º¢¤¦¨.»¢¤¦¨.¼¢¤¦¨.½¢¤¦¨.¾¢¤¦¨.¿¢¤¦¨.À¢¤¦¨.Á¢¤¦¨.Â¢¤¦¨.Ã¢¤¦¨.Ä¢¤¦¨.Å¢¤¦¨.Æ¢¤¦¨">element</w>
<w d="¡ŀň.¢âů.£ã.§Ûð.¨å.ªåĮ.­Ò.¯·.°ïďĘ.±ëół.¶¾">elements</w>
<w d="¶Êß">elementsize</w>
<w d="¡Ĕ">en</w>
<w d="Çɗ">enabling</w>
<w d="¶¯">encoded</w>
<w d="£ýĢ">end</w>
<w d="Çȑ">endorsement</w>
<w d="Çϯ">engineering</w>
<w d="Ç̥">enterprise</w>
<w d="Ç̧">entirely</w>
<w d="Çðʵ">equivalent</w>
<w d="Çǌ">errors</w>
<w d="¤Ȅ">european</w>
<w d="ÇĊ">evaluate</w>
<w d="¡đ.¢Ş.£Ļ.¤ĔĲŋǥ.¥ßģ.¦ć.§ĕ.¨û.©ü.ªćĝ.«Þ.¬Ü.­ÿ.®Ð.¯Å.°Ĳ.±ŧ">example</w>
<w d="Ç˶̈">examples</w>
<w d="Çɚ">exchange</w>
<w d="Çɲ">exchanged</w>
<w d="ÇƚƵ">express</w>
<w d="¤Ď.¥ĝ">expressed</w>
<w d="µú.¶¡£¥§®ÁÖ">extension</w>
<w d="¥è">external</w>
<w d="¤Ő.ÂºĂ.ÃºĂ">f</w>
<w d="Çº">features</w>
<w d="Çʔ">fee</w>
<w d="Ç̗">fictitious</w>
<w d=" è">figure</w>
<w d=" Ä.¥ê.±Üā">file</w>
<w d="¡Đ">filtering</w>
<w d="­±">first</w>
<w d="ÇƩ">fitness</w>
<w d="ÁÅĥ">flag</w>
<w d=" ç.¡ņ.Çŷ">following</w>
<w d="¢üŎś.£ċēėěı.¤Ý÷ĀıŊǤ.¥ÛÞĆď.§÷.¨Ø.««Õ.¬ªÓ.­£¯¼ö.®«.²¯.³±.´ª.µ­.¶©À.·µ.¸µ.¹ª.ºª.»ª.¼ª.½ª.¾¯.Àª.Á­.Âª.Ãª.Ä°.Åª.Æ±.Ç¬ÇŋƪȅȢɓʡ">for</w>
<w d="¤ƀƇƓƟƩƲǊȉȓ">form</w>
<w d="¡ìÿ.¤ÜćčǭǲǷǼȁ.¥ÚáĖĜ">format</w>
<w d="ÇʿЊЕ">from</w>
<w d="Çï">functionally</w>
<w d="ÇĦ">furnishing</w>
<w d="ÂÙŀ.ÃÙŀ">g</w>
<w d=" Ù.¤ſƆƒƞƨƱǉȈȒ">general</w>
<w d="ÇĬ">grant</w>
<w d="ÇɷϞ">group</w>
<w d="¤ĨŁǛ">grouping</w>
<w d="¡åń.£çĪ.¦ú.§ûĒ.©ê.ªù.«Ê.¬É.­Þ.®Æ.¯».°Ăģ.±ĕĦĮĶń.Çɰˎ">has</w>
<w d="¢Ġ.§Ć.ÇĘɏ">have</w>
<w d="Çǔ">herein</w>
<w d="¤ĠŗŬ.¶±">hexadecimal</w>
<w d="¶Éð">hexbinary</w>
<w d="¤ƈƕƴ">hh</w>
<w d="§ģ">high</w>
<w d=" Ġ.£Ēņ.·¿Ý">highest</w>
<w d="«§.±ġ">how</w>
<w d="ÇĂ">however</w>
<w d="¡ğħįĵ.Çϲ">http</w>
<w d="Çɘ">i</w>
<w d="¤œ.Â»Ą.Ã»Ą">ib</w>
<w d="Â¼Ć.Ã¼Ć">ibhex</w>
<w d=" ³Ò.¤ĉ.¥Ę.Ç²Å×æúĖĻĿŖūǡȤȱɵʦʫʮˍ̼͇̾̀͒Ͽ">ibm</w>
<w d="©Ö.¬¦Ï.¯¦.±ĚŐ">identifies</w>
<w d="°Ě">identify</w>
<w d="¢ě.£ä.¦Ýí.§ÿ.ªæ.«·.¬¶.­É.®¸.°ð.±ôĄ.Ç̩">if</w>
<w d="Çɨ">ii</w>
<w d="Çɿ">il</w>
<w d="Ḉ">illustrate</w>
<w d="Ç̴">illustrations</w>
<w d="ÇƜƣƷ">implied</w>
<w d="Çâ">imply</w>
<w d="ÇǤ">improvements</w>
<w d=" ã.¡ÛêüĄ.¢Þíāř.¤ăď.¥ĒĞ.¦á.§Ă.ªí.«Ã.¬Â.­³×.°âöĝį.±Ĵ.µÆ.¶°¶.Ç¼¿ÐĢĸŚŠƹǚǨǲǼȋȼʎʙ˼͊ͭΕΩιώϟ">in</w>
<w d="Çǉ">inaccuracies</w>
<w d="ÇΨ">inc</w>
<w d="ÇǇ̉">include</w>
<w d="¤ý.¥Č.ÇƝɤʍ">including</w>
<w d="·³">inclusive</w>
<w d="Çƈ">inconsistent</w>
<w d="ÇǙͬЍ">incorporated</w>
<w d="ÇɃ">incurring</w>
<w d="Çɞ">independently</w>
<w d="«¦.­ª.®¦">indicates</w>
<w d="¢ŕ">indicating</w>
<w d="¤ÿİŉǣ.¥Ď">indicator</w>
<w d="¢Ú">individual</w>
<w d="Ç̍">individuals</w>
<w d="¡ã.§â.¨×.ª×.°×.±×.Ç©ÈœǅǓǾȹɐɜɮʃʹ˴̮">information</w>
<w d="Çø">infringe</w>
<w d="ÁÌīİ">input</w>
<w d="Çķōş">inquiries</w>
<w d="Ç͹ͻ">inside</w>
<w d=" Ð">installed</w>
<w d="Çā">instead</w>
<w d=" úăĉđĕĘĜħŜ.¢ĊŔ.¤òŔśŢ.¥ā">integer</w>
<w d="Ç͵Ͷ͸ͺͽͿ΃΅ΐ">intel</w>
<w d="ÇûŗţŨ">intellectual</w>
<w d="ÇÞ">intended</w>
<w d="¶ª">internal</w>
<w d="¤Ż.Çƌʯ">international</w>
<w d=" ­Ïá.¡Ôð÷Ċ.¢ćđĦĺŌ.£íĸ.¤ïô.¥þă.¦ßïô.§òČ.ªó.«ºÐÛ.¬¹Ù.­¶Ìü.®ºÀ.°ü.±÷ÿćď.¶µº.ÇÜĄƓȬ̦͔βϗ">is</w>
<w d="¡ëñøý">iso</w>
<w d="¡ä.±þĎ.Çăȿɒʢ">it</w>
<w d="Ç·">itanium</w>
<w d="ÇΓ">its</w>
<w d="ÇŬŵ">japan</w>
<w d="ÇΜ">java</w>
<w d="ÇΟ">java-based</w>
<w d="¤ƣ.ÂÉĠ.ÃÉĠ">jdate</w>
<w d="¤Ƥ">julian</w>
<w d="Ç͌">jurisdictions</w>
<w d="ÇŲ">kanagawa</w>
<w d="ÇƘ">kind</w>
<w d="Çſ">kingdom</w>
<w d=" ĄĹ.¢ċĎģŤŧ.§ĘĝĢ.¨çëúý.©ú.­®».®ª½Î.¾­¶È.Á¼û">label</w>
<w d="«ª">labeled</w>
<w d="§æþĉ.©ß.¿®">labels</w>
<w d="¡î">language</w>
<w d="ÇŪƋ">law</w>
<w d="ÂÝň.ÃÝň">lca</w>
<w d="ÂÞŊ.ÃÞŊ">lcb</w>
<w d="ÂßŌ.ÃßŌ">lcc</w>
<w d="ÂàŎ.ÃàŎ">lcd</w>
<w d="ÂáŐ.ÃáŐ">lce</w>
<w d="ÂâŒ.ÃâŒ">lcf</w>
<w d="ÂãŔ.ÃãŔ">lcg</w>
<w d="ÂäŖ.ÃäŖ">lch</w>
<w d="ÂåŘ.ÃåŘ">lci</w>
<w d="ÂæŚ.ÃæŚ">lcj</w>
<w d="ÂÛń.ÃÛń">ldate</w>
<w d="¤Ļ">leading</w>
<w d=" ā.¢õ.Á¶Đ">left</w>
<w d="Ç¢¤¦Ŧ">legal</w>
<w d="¢ė.¶¹Íæ">length</w>
<w d="¤ē.¥Ģ">letters</w>
<w d="¢ī">level</w>
<w d="ÇįĶŌʱ">license</w>
<w d="Çʖʞ">licensed</w>
<w d="ÇɈ">licensees</w>
<w d="Çľťɹ">licensing</w>
<w d="ÇƠ">limited</w>
<w d="Çη">linus</w>
<w d="Çα">linux</w>
<w d="Ç͐">list</w>
<w d="°å">lists</w>
<w d="ÂÚł.ÃÚł">lnumber</w>
<w d="ÇÄƊ">local</w>
<w d=" ÷.¡èéē.µ¼Ā">locale</w>
<w d="¡â">location</w>
<w d="Ç̿͢͝ͷͼ΁ψ">logo</w>
<w d="Ç΢">logos</w>
<w d="¨ò">long</w>
<w d="§ę.¨þ">low</w>
<w d=" ģ.£ĮŃ.·¯ÂÐ">lowerbound</w>
<w d=" ğ.£Đ.·¾Û">lowest</w>
<w d="Çŭ">ltd</w>
<w d="ÂÜņ.ÃÜņ">ltime</w>
<w d="ÇƎ">machines</w>
<w d="Çǐ">made</w>
<w d="Çǣ">make</w>
<w d="Çȍ">manner</w>
<w d="±Ģ.Ç͋">many</w>
<w d="Çʟ">material</w>
<w d="Çȗȡ">materials</w>
<w d="ÇĠ">matter</w>
<w d="¢ĖĿ.¤û.¥Ċ">maximum</w>
<w d="²Æ.³Ä.µÓÚáèïöý.¸Íâ.¿¸¿.ÁÝãêñ.Âð.Ãð.ÄÃ">maxoccurs</w>
<w d="Ç³ëþėƿǢȲʄ̵">may</w>
<w d="¢Ī">measurement</w>
<w d="¢ĩŨ.Á¿Ė">measurementlevel</w>
<w d=" Ċ">measurmentlevel</w>
<w d="§Ğ">medium</w>
<w d="ÇƧ">merchantability</w>
<w d=" ¼.¢Ö">metadata</w>
<w d="ÇρόЎЖ">microsoft</w>
<w d="ÇΧ">microsystems</w>
<w d="Çϻ">might</w>
<w d="²Ä.³Â.µÑØßæíôû.¸ÆËÕà.¿¶½.ÁÛáèï.Âî.Ãî.ÄÁ">minoccurs</w>
<w d="£øĂĔĤĳ.·¬">missing</w>
<w d="·×">missingdatatype</w>
<w d=" ĝ.¢ű.£¡©«­¯±³µ·¹»½¿ÔâļĿń.·¡£¥§¶Ç.Áç">missingvalue</w>
<w d="¤ƉƖƠƵȋȕ">mm</w>
<w d="±Ĩ">modified</w>
<w d="¤ƽƾǀ.ÂÌĦ.ÃÌĦ">month</w>
<w d="§Ùî.¨ã.ªã.¯µ.°íĖ.±ðŀ">more</w>
<w d="¢Ó">most</w>
<w d="¤ƿ.ÂÍĨ.ÃÍĨ">moyr</w>
<w d="ªÙêĄēģ.«¬Ö.¬«Ô.­¤¾÷.®­Ó.¯¬.¸ª">multiple</w>
<w d="ªĠ">multiplecategoryexample</w>
<w d="ªĊ">multipledichotomyexample</w>
<w d=" ņř.¡Ō.ª¡©«­¯±³µ·¹»½¿Ôä÷ĈĜĞĬ.«°Å.¬¯Ä.­ÂÙé.®±.¯°.µì.¸¡£¥§¶Â">multipleresponseset</w>
<w d=" ŉ.ªċį.«¡¤µÈß.¬¼.­Ï.¸Ñ.¹¡£¥§«¸">multipleresponsesetcategorylabels</w>
<w d=" ō.ªĎİ.«½.¬¤´ÇÝ.­Ñ.¸Ô.º¡£¥§«·">multipleresponsesetdichotomy</w>
<w d="¬¡">multipleresponsesetdichtomy</w>
<w d=" œ.ªđġĲ.­ñ.®¡¤¶ÄÑ.¸ÅÙ.»¡£¥§«·">multipleresponsesetlabel</w>
<w d=" Ő.­¡¨ÇÜîĀ.¸Ü.¼¡£¥§«·">multipleresponsesetlabelsource</w>
<w d=" Ŗ.ªĖęĦĩĳ.¯¡¤¶¹Æ.¸Êß.½¡£¥§«·">multipleresponsesetvariable</w>
<w d="ªı">multipleresponssetlabelsource</w>
<w d="«¿.¬¾.­Ó">must</w>
<w d="Çɪ">mutual</w>
<w d="¤Ŵ.ÂÃĔ.ÃÃĔ">n</w>
<w d=" ĆĩĵļŀŃŇŗŞ.¢ĵķŪ.¦ØþĂĉ.§ħ.©îòþ.ªýāĉėĚğħĪ.¯¿ÄÇ.°ąĉħīĴķĺ.±ŇŊŬ.²¶¿ÈÉÏ.³½Æ.´¶¸.µÌÿĆč.¶Õ×Þåì.·ÆÈÓ.¸¼Áäå.¹·¹.º¶¸.»¶¸.¼¶¸.½±¶¸¹.¾¾ÀÇ.¿±.À±¶¸¹.ÁÇ×ÙßóôúÿĈĕĨĻ.ÂìòśŤ.ÃìòśŤ.Ä·¼ÅÆ.Å±¶¸¹.Æª¸½¿À">name</w>
<w d="Äª">named</w>
<w d="Ç̝̋̕Ϻ">names</w>
<w d="¡Þ">namespace</w>
<w d="ÇǛ">new</w>
<w d="²Õ.·Î.¹¿.¼¾.ÁĎěĮ.Âø.Ãø">nmtoken</w>
<w d="£è.§Āē.ªé.®».°ó">no</w>
<w d=" ċ.¢İ.ÁÂğ">nominal</w>
<w d="ÇđȀʻˡ˨">non-ibm</w>
<w d="ÇƦ">non-infringement</w>
<w d="¤ñ.¥Ā">non-negative</w>
<w d="ÁÏĶ">none</w>
<w d="³ºÊ.µÉđ.¶ÌÏâé.Á»ąĿ.ÂšŪ.ÃšŪ">nonnegativeinteger</w>
<w d="ÇŁ">north</w>
<w d="¡ċ.¢ħ.£îĹ.¦ðõ.§č.ªô.«Ü.¬Ú.­ôý.®Á.°ý.Ç´Ý÷īźƟƱǀȊȝˏ̶">not</w>
<w d="¤Ź">notation</w>
<w d="Çǹ">notice</w>
<w d="Ç¡£¥§">notices</w>
<w d="Çǝ">ns</w>
<w d="Çτ">nt</w>
<w d="¡ā.¤é.¥ø.±ĝ.µÂ.¶¼">number</w>
<w d="¤ģĸǔǖ">numbers</w>
<w d="¢Ňŏ.£Ę.¤āŒŶ.¥Đ">numeric</w>
<w d="¢ū.§Ĩ.©ÿ.ªĘĨ.¯È.°ĸ">numvar1</w>
<w d="ªěī.°Ļ">numvar2</w>
<w d="ÇŅ">ny</w>
<w d="ÇɅ">obligation</w>
<w d="Çʾ">obtained</w>
<w d=" ±ÁÇÛíò.¡ØĂ.¢ÔãêÿĘŁ.£þāģĭ.¤êŘŭŽƄƐƜƦƯƺǇȆȐ.¥ù.¦Ùă.©Ýó.ªĂ.­æ.°ĊĬ.±úĊĞŋŤ.³«.µÃ.¶½.¸­.¿«.Ä¬.Æ«.ÇďħĽƖƥƴǞȒȟȨȷɉɖɛɬʒʩ˂˘˧˰˷̌̓͆͑ͩΏΥζϋϛϾ">of</w>
<w d="Çµ">offer</w>
<w d="Ç°">offered</w>
<w d="¦àñ.§ã.ªØ.°Ø.±Ø.ÇÉˤ͖">on</w>
<w d="¤ä.¥ó.¦ê.§×Ýì.¨á.©ä.ªá.«´.¬³.­Æ.®µÇ.°ëăĔ.±îĖľřŝ.Çɦ">one</w>
<w d="Çäȇ">only</w>
<w d="Çϝ">open</w>
<w d="ÇĎ">operation</w>
<w d="Ç˿">operations</w>
<w d="®¨.±ñ.µµ¶½ÀĂČē.¶Èò.·ÁË.¹².¼².Á½ÀË">optional</w>
<w d="¡ď.¢÷ĳňő.£úüďđġį.§Øí.¨â.ªâ.«Ó.­ï.¯´.°ìĕ.±ÛïĿŕ.²«.³­.¸².Ç¹ÚáéóĔĚŝƀƛƨƶǊǦǭȴʳˈ˛ͧͲΌΒίοϔЀ">or</w>
<w d=" Č.¢ıũ.ÁÃġ">ordinal</w>
<w d="¡Ī">org</w>
<w d="ÇÀƂɢˉ˝ͳΚένϒϤ϶Ё">other</w>
<w d=" ìñ">outline</w>
<w d=" £Ú">overview</w>
<w d="Çȯ">own</w>
<w d="¤ŝ.Â½Ĉ.Ã½Ĉ">p</w>
<w d="¤ŞŦ">packed</w>
<w d="¨Ü">pair</w>
<w d="ÇŸ">paragraph</w>
<w d="¡ïö.ÇȞ">part</w>
<w d="ÇƬ">particular</w>
<w d="ÁÐĸ">partition</w>
<w d="ÇĜ">patent</w>
<w d="ÇęĲ">patents</w>
<w d="Çʑ">payment</w>
<w d="¤ǐ">pct</w>
<w d="Çě">pending</w>
<w d="ÇΉ">pentium</w>
<w d="ÂÐĮ.ÃÐĮ">percent</w>
<w d="¤Ǒ">percentage</w>
<w d="Ç˙">performance</w>
<w d="¤ĬŅ">period</w>
<w d="ÇǏ">periodically</w>
<w d="¤ǘ">periods</w>
<w d="ÇЉД">permission</w>
<w d="Ç̱">photographs</w>
<w d="¤řŠ.Â¾Ċ.Ã¾Ċ">pib</w>
<w d="¤Ŗ">pibhex</w>
<w d="¤Ť.Â¿Č.Ã¿Č">pk</w>
<w d="ÇϮ">polar</w>
<w d="¤ì.¥û">positions</w>
<w d="¢ĉœ.¤Śš">positive</w>
<w d="¶ÒÛ">positiveinteger</w>
<w d="Ç̆">possible</w>
<w d="Ç͞͡">postscript</w>
<w d="¢Ĩ.£ïĺ.¦ö.§Ď.ªõ.«»ÂÝ.¬ºÁÛ.­ÍÖþ.®Â.°þ">present</w>
<w d="¤Û">print</w>
<w d="ÇØçñĒǪȥϧϷЄЏ">product</w>
<w d="Ç­·Ëʼ˄˒ˢ˩˲̑">products</w>
<w d="ÇÙèòēǯɋʗʰ">program</w>
<w d="Çɠɣ">programs</w>
<w d=" À">properties</w>
<w d="ÇüŘŤũ">property</w>
<w d=" â.ÇȄʤ">provided</w>
<w d=" ×.ÇƏ">provides</w>
<w d="ÇƆ">provisions</w>
<w d="ÇƑǠǴ">publication</w>
<w d="Çˊ">publicly</w>
<w d="Çˆ">published</w>
<w d="Çƭɕ">purpose</w>
<w d="¤ǋ">qqyyyy</w>
<w d="¤Ǆ">quarter</w>
<w d="Çˣ">questions</w>
<w d="¤ǃ.ÂÎĪ.ÃÎĪ">qyr</w>
<w d="£Ā">range</w>
<w d="£ĖĦ">ranges</w>
<w d="¤ŨŮ.ÂÀĎ.ÃÀĎ">rb</w>
<w d="¤ū.ÂÁĐ.ÃÁĐ">rbhex</w>
<w d="¤ũů">real</w>
<w d="²Á.³¿.µÎÕÜãêñø.¸ÃÈÏÒ×ÚÝ.¿³º.Áåì.Ä¾">ref</w>
<w d="ÇÔ">reference</w>
<w d="Çǻ">references</w>
<w d="ÇŎ">regarding</w>
<w d="Ç͉ͥ΍δϙ">registered</w>
<w d="Ç˟">related</w>
<w d="Ç˺">reports</w>
<w d="£Ğ">represent</w>
<w d=" °.²¾.³¼.´µ.µË.¶Ô.·Å.¸À.¹¶.ºµ.»µ.¼µ.½µ.¾½.¿°.Àµ.ÁÖ.Âë.Ãë.Ä».Åµ.Æ¼">representation</w>
<w d="ÇÆ">representative</w>
<w d="£õ">represents</w>
<w d="ÇЇВ">reprinted</w>
<w d="²·ºÎÒ.³¹Ì.´²¾.¶ËÎÑÝäë.·½Ù.¸½ê.º²¾.»²¾.½²¾.¾·ºÆÍ.À²¾.ÁµºÈÓùĂċŁ.Â²µèõŞŧ.Ã²µèõŞŧ.Ä¸Ë.Å²¾.Æ¹Å">required</w>
<w d="ªÚëą.­¿.®®.¯­.¸«">response</w>
<w d="ÇĈ">responsibility</w>
<w d="¤ŵ">restricted</w>
<w d=" ÿ.¢öš.Á¸Ĕ.Çý">right</w>
<w d="ÇȰ">risk</w>
<w d="ÁÊĩ">role</w>
<w d="¡Ö">root</w>
<w d=" ù.¡ĀĜ.µ¿Ď">rowcount</w>
<w d="¡ă.µÄ">rows</w>
<w d="ÇćŉǫǰɻІБ">s</w>
<w d=" č.¢Ĳ.ÁÄģ">scale</w>
<w d=" ¢¥§©¬ÊÝßðõ.¡¤¦¨ÂÄÆÈÊÌÎÐÒÚá.¢¤¦¨ÂÄÆÈÊÌÎÐÒ.£¤¦¨ÂÄÆÈÊÌÎÐÒ.¤¤¦¨ÂÄÆÈÊÌÎÐÒ.¥¤¦¨ÂÄÆÈÊÌÎÐÒ.¦¤¦¨ÂÄÆÈÊÌÎÐÒ.§¤¦¨ÂÄÆÈÊÌÎÐÒ.¨¤¦¨ÂÄÆÈÊÌÎÐÒ.©¤¦¨ÂÄÆÈÊÌÎÐÒ.ª¤¦¨ÂÄÆÈÊÌÎÐÒ.°¤¦¨ÂÄÆÈÊÌÎÐÒ.±¤¦¨ÂÄÆÈÊÌÎÐÒ">schema</w>
<w d="¡Į">schemalocation</w>
<w d="¤Ÿ">scientific</w>
<w d="ÇЅА">screenshot</w>
<w d="¤ȍ.ÂØľ.ÃØľ">sdate</w>
<w d=" Ö">section</w>
<w d=" å">sections</w>
<w d="°ä">selection</w>
<w d="ÇĵŞ">send</w>
<w d="§ô">separate</w>
<w d="ÇȎ">serve</w>
<w d="ÇÛêôĕϹ">service</w>
<w d="Ç¯¸Í">services</w>
<w d="©Üû.ªĆĕĥ.­µÀ.®¯Õ.¯®.°čğı.±ăēĠĥ.³ª.¸¬.¿ª.Çő">set</w>
<w d="°ĵ">setone</w>
<w d="ªÛì.«®Ø.¬­Ö.­¦ù.°Ûõ">sets</w>
<w d="ÇŰ">shimotsuruma</w>
<w d="Çɳ˪">should</w>
<w d=" é">shows</w>
<w d="¤Ľǒ">sign</w>
<w d="Ç̚">similarity</w>
<w d="¦ü.¨Ú.©ì.ªû.«Ì.¬Ë.­à.¯½.°ĥ.±įĸ">single</w>
<w d="ÇȂȕțȫ">sites</w>
<w d="¶´">size</w>
<w d="Ç̯">softcopy</w>
<w d="Çɶ">software</w>
<w d="ÇƮʏ">some</w>
<w d="¤Ȏ">sortable</w>
<w d="Çˌ">sources</w>
<w d="¦ÖĀ">specifies</w>
<w d="ÇΆ">speedstep</w>
<w d="ÁÑĺ">split</w>
<w d=" ´Ó.¡ġģıĳķĹ.¤Ċ.¥ę.Ç̓">spss</w>
<w d="¤ƊƋƗƘƶƷ">ss</w>
<w d="¤ĝő">standard</w>
<w d="£Ġ">start</w>
<w d="Çà">state</w>
<w d="Çƾ">statement</w>
<w d="ÇƯͰΘάμϑϢ">states</w>
<w d=" µÔ.¤ċ.¥Ě.µ©.¶­.·«.¸®.¾«.¿¬.Áª.Ä­">statistics</w>
<w d=" øąćēĚġĪİĶĺĽŁńňŏŕŘşť.¢ēļŉŜ.¤ø.¥ć.¨í.´³¼.µą.¾¸Ë.Á¾þ">string</w>
<w d="Çğʇ">subject</w>
<w d=" ä">subsequent</w>
<w d="Ä«">subset</w>
<w d="ÇΔ">subsidiaries</w>
<w d="Çƅʂ">such</w>
<w d="ÇΦ">sun</w>
<w d="Çˁ˯">suppliers</w>
<w d="ÇȻ">supply</w>
<w d="¤ĩłǜ">symbol</w>
<w d=" ĭŢ.±Ŗ.²»×">system</w>
<w d="ÇͫЌ">systems</w>
<w d="¢ğ">t</w>
<w d="ÁÍĲ">target</w>
<w d="Çǈ">technical</w>
<w d="Çʊʨ">terms</w>
<w d="Çː">tested</w>
<w d="¥é.®Ï">text</w>
<w d=" ½.£ôĝ.¦ÿ.§àú.©ï.ªþ.«Ï.¬Î.­«.®Ê.¯À.°ĆęĨ.±ęŠ.Çãåõ">that</w>
<w d=" ª²¸ÈÜæîó.¡ÕÙíôąŁŅ.¢ÕäîñýĂąďĜĬĸŊŖ.£ÓĄČğħĵ.¤Ó×íĈħĮŀŇžƅƑƝƧưƻǈǚǡȇȑ.¥Ó×àìüė.¦Ó×Úâå÷āĄ.§Óçăď.¨Óôù.©Ó×çñôø.ªÓÜîöĀă.«£¯¼ÄÇ.¬£§®»ÃÆÐ.­§¬°´¹½ÁÎØÛ.®£§°ÃÌ.¯£¸.°Óßæ÷ÿĈċĐěĞĠĪİ.±ÓáõûąċěğĤīŉŌőŢť.µÁÇ.¶²¸».·®.Æ©¬.Ç¶ÊąčĥŕŶŽƢǒǟǩǮȖȠȸɔəɩɭʕʪˀ˖˥ˮ̜̰̇̊̽͗͛ͮ͠ΖΪκφϏϜϠ">the</w>
<w d="Ç˅">their</w>
<w d="Ç̂">them</w>
<w d="§ñ.ªç.®¹.°ñ">there</w>
<w d="ÇƼ">therefore</w>
<w d="ÇıǕ̔">these</w>
<w d=" Õ.¡Ĉ.¢Ĥ.£ë.¦ò.§Ċ.ªñ.«¸Ù.¬·×.­Êú.®¾.°ú.Ç¨½ģĨƐƽǄǳǽȣɊɥʚ˳̭Ϧ">this</w>
<w d="Çȓșȩ˃ˑ˱">those</w>
<w d="¡æ.£á">three</w>
<w d="¤ƂƃƏƮ.µº.ÂÆĚ.ÃÆĚ.ÇǷ">time</w>
<w d="±ģ">times</w>
<w d="¡Ý.£à.¥æ.¨ï.°Ý.ÇÕßĉİĺŢżơǂǑǿɆɎʈˠ˭̛̀">to</w>
<w d="Çθ">torvalds</w>
<w d="ÇεϚ">trademark</w>
<w d="Ç̸̹̺̻͓ͦͨͅ΋ΎΠΤϊϽ">trademarks</w>
<w d="Çƻ">transactions</w>
<w d="±ĵ">turn</w>
<w d="¯³.±Ņ">two</w>
<w d=" ĈĒęĢīŠ.¢ńņŬ.£ĎĚĨĶłŇ.¤ąĘ.¥Ĕħ.±ŏŒŮ.²¹ÊÐ.³È.´º.µĈď.¶ÐØÙàçî.·ÀÉÕ.¸æ.ºº.»º.½º.¾ÂÉ.Àº.ÁÒõüĀĽ.Â´ó.Ã´ó.ÄÇ.Åº.ÆÁ">type</w>
<w d="ÁÆħ">typeless</w>
<w d="±Þ">typically</w>
<w d="Çǋ">typographical</w>
<w d="Çň">u</w>
<w d="²Ç.³Å.µÔâéðþ.¸Îã.¿¹À.ÄÄ">unbounded</w>
<w d="Çʧ">under</w>
<w d="ÇžͯΗΫλϐϡ">united</w>
<w d="Çϖ">unix</w>
<w d=" Ď.¢Ĵ.ÁÁĘĝ">unknown</w>
<w d="¤ť">unsigned</w>
<w d="£ß.¨î">up</w>
<w d="¤đ.¥Ġ">upper</w>
<w d=" Ĥ.£İň.·±ÃÒ">upperbound</w>
<w d="¡ĕ.Çʸ">us</w>
<w d="Çʁ">usa</w>
<w d="²²ÍÑ.³´Ë.´­½.µ°āċĒ.¶«ÃÜãêñ.·¸ÊØ.¸¸é.¹­.º­½.»­½.¼­.½­½.¾²ÅÌ.À­½.Á°øāĊŀ.Â­ôŝŦ.Ã­ôŝŦ.Ä³Ê.Å­½.Æ´Ä.Çȧȳɫ">use</w>
<w d="¥â.­·.°Ü.ÇíĀ˻̠">used</w>
<w d=" Ĭš.±Ŕů.²¼Ù.ÇĆ">user</w>
<w d="£×é">user-missing</w>
<w d="ÇϨ">uses</w>
<w d="£ĉ.²´.³¶.´¯.µ².¶Å.·º.¸º.¹¯.º¯.»¯.¼¯.½¯.¾´.À¯.Á².Â¯.Ã¯.Äµ.Å¯.Æ¶">valid</w>
<w d=" įŊŎőŔŤ.¡ĉ.¢òĆĐĭĹŋ.£ØóùąĊĕĥĬ.¤î.¥ý.§åýĈĚğĤ.¨êóöÿ.©Þù.ªČďĒĢ.«Îà.¬©ÍÒÞ.­âåā.®ÉÒ.±şţű.²ÖØ.´±¹.·­ÏÑÚÜ.¹±ºÀÂ.º±¹.»±¹.¼±¹¿.¾¬¹Á.¿­.ÁĆďđēĜĞĠĢĤĦįıĳĵķĹ.ÂùûýÿāăąćĉċčďđēĕėęěĝğġģĥħĩīĭįıĳĵķĹĻĽĿŁŃŅŇŉŋōŏőœŕŗřŢū.ÃùûýÿāăąćĉċčďđēĕėęěĝğġģĥħĩīĭįıĳĵķĹĻĽĿŁŃŅŇŉŋōŏőœŕŗřŢū">value</w>
<w d="¨Û">value-label</w>
<w d=" ĸ.§ÚėĜġĬ.¨¡©«­¯±³µ·¹»½¿Ôäü.¾¡£¥§°¿.¿µ">valuelabel</w>
<w d=" ķľ.¡Ŋ.§¡©«­¯±³µ·¹»½¿ÔïõĐĖĩ.¨Þ.©á.µÞ.¿¡£¥§²">valuelabelset</w>
<w d=" Ļ.§ÞĦĭ.©¡©«­¯±³µ·¹»½¿Ôåèý.¿¼.À¡£¥§«·">valuelabelvariable</w>
<w d="¢ì.£êăĜĴ.²µ.³·.´°.µ³.¶Æ.·».¸».¹°.º°.»°.¼°.½°.¾µ.À°.Á³.Â°.Ã°.Ä¶.Å°.Æ·">values</w>
<w d=" ýĳ.¡ŉ.¢¡©«­¯±³µ·¹»½¿åčĝĢĶŅşŦ.£Ûæč.¤ßáČ.¥Ýðě.¦ÜĆ.§ù.©Øõ.­­².¯¨Ã.°ÚôČĮ.±ÙâêČđ.²¬.³®.µÐ.Á¡£¥§«®Ø.Æ¯">variable</w>
<w d=" ď.¢Ų.¤¡©«­¯±³µ·¹»½¿Ôåĕ.¥ô.ÁÚ.Â¡£¥§«í">variableformat</w>
<w d=" Œ.­çĂ.¼³»À">variablelabel</w>
<w d=" ŋ.ªč.«Òá.¹³¼Á">variablelabels</w>
<w d="²¸Ì.¸¾è.»³¼.½³¼.À³¼.ÁÉ÷.Ä¹É.Å³¼.ÆºÃ">variablenametype</w>
<w d="¢ÛĀŐŝ.£ę.¤ùĂ.¥Ĉđ.§ā.°àĜ.¸¯.Ä®">variables</w>
<w d=" ĿŅ.¡ō.°¡©«­¯±³µ·¹ÁÃÅÇÉËÍÏÑÔîĀđĳļ.µå.Ä¡£¥§±½">variableset</w>
<w d=" ł.°ėġĶĹ.ÄÀ.Å¡£¥§«·">variablesetvariable</w>
<w d=" Ė.¢ų.¥¡ÔĤ.Áà.Ã¡£¥§«í">variablewriteformat</w>
<w d=" ¿">various</w>
<w d="ÇČ">verify</w>
<w d=" Ħś.±ĘĜũ.³¸Ç">version</w>
<w d="Ç̬">viewing</w>
<w d="¡ĩ">w3</w>
<w d="Çɼ">wacker</w>
<w d="ÇƤƸ">warranties</w>
<w d="Çƕ">warranty</w>
<w d="Çªʽ">was</w>
<w d="ÇȾ">way</w>
<w d="ÇȁȔȚȪ͘">web</w>
<w d="¤ƼǍ">week</w>
<w d="¦Ûą.Æ®">weight</w>
<w d="¡Ď.¦Þî">weighting</w>
<w d="¦Ċ">weightvar</w>
<w d=" Ĵ.¡ŋ.¦¡©«­¯±³µ·¹»½¿ÔëøĈ.µ×.Æ¡£¥§²¾">weightvariable</w>
<w d="¥ã">when</w>
<w d="ÇƄ">where</w>
<w d="±ĳ.Çɯ">which</w>
<w d="ÇɌ">who</w>
<w d=" Ĕě.¢ûŀŘ.¤úüĚ.¥ĉċĩ.ÂçŜ.ÃçŜ">width</w>
<w d="ÇǗ">will</w>
<w d="Çςσχ">windows</w>
<w d="Çϩϴ">winwrap</w>
<w d="Çɍ">wish</w>
<w d=" Ñ.¢ÙĔĽ.¤ĤĹǗ.¥ë.¨ø.©Ú÷.­ã.¯ª.±àŜ.ÇƉЈГ">with</w>
<w d="ÇƔǸɂ">without</w>
<w d="¤Ƹ.ÂËĤ.ÃËĤ">wkday</w>
<w d="¤ǌ.ÂÏĬ.ÃÏĬ">wkyr</w>
<w d="Ç±͍">worldwide</w>
<w d="¥Ùí">write</w>
<w d="¥ä.ÇĹš">writing</w>
<w d="¡Ĩ.Çϳ">www</w>
<w d="Ç΄">xeon</w>
<w d=" ¯.¡ĠİĶ.²½.³».´´.µÊ.¶Ó.·Ä.¸¿.¹µ.º´.»´.¼´.½´.¾¼.¿¯.À´.ÁÕ.Âê.Ãê.Äº.Å´.Æ»">xml</w>
<w d="¡Ğĥ">xmlns</w>
<w d="¡Ĭ">xmlschema-instance</w>
<w d="²Ô.³É.´».µĄĉĐ.¶Úáèï.·Í.¹¾.¼½.¾Ê.ÁýĄčĚĭľ.Â÷Šũ.Ã÷Šũ">xs</w>
<w d=" Î.¡ľ">xsd</w>
<w d="¡Ħĭ">xsi</w>
<w d="Çű">yamato-shi</w>
<w d="¤ǂǆǏ">year</w>
<w d="ÇĭĳǃȺɇ̪">you</w>
<w d="ÇÃÑśȮ">your</w>
<w d="¤ƢȌȔ">yyyy</w>
<w d="¤ƪ">yyyyddd</w>
<w d="¤ű.ÂÂĒ.ÃÂĒ">z</w>
<w d="¤Ų">zoned</w></ws><ts><t t="0" u="dictionary_schema_intro.htm">Dictionary Schema Overview</t>
<t t="1" u="dictionary_element.htm">dictionary Element</t>
<t t="2" u="variable_element.htm">variable Element</t>
<t t="3" u="missingValue_element.htm">missingValue Element</t>
<t t="4" u="variableFormat_element.htm">variableFormat Element</t>
<t t="5" u="variableWriteFormat_element.htm">variableWriteFormat Element</t>
<t t="6" u="weightVariable_element.htm">weightVariable Element</t>
<t t="7" u="valueLabelSet_element.htm">valueLabelSet Element</t>
<t t="8" u="valueLabel_element.htm">valueLabel Element</t>
<t t="9" u="valueLabelVariable_element.htm">valueLabelVariable Element</t>
<t t="10" u="multipleResponseSet_element.htm">multipleResponseSet Element</t>
<t t="11" u="multipleResponseSetCategoryLabels_element.htm">multipleResponseSetCategoryLabels Element</t>
<t t="12" u="multipleResponseSetDichotomy_element.htm">multipleResponseSetDichtomy Element</t>
<t t="13" u="multipleResponsSetLabelSource_element.htm">multipleResponseSetLabelSource Element</t>
<t t="14" u="multipleResponseSetLabel_element.htm">multipleResponseSetLabel Element</t>
<t t="15" u="multipleResponseSetVariable_element.htm">multipleResponseSetVariable Element</t>
<t t="16" u="variableSet_element.htm">variableSet Element</t>
<t t="17" u="attributeSet_element.htm">attributeSet Element</t>
<t t="18" u="dictionary-1.0_elems_attribute.htm">attribute Element</t>
<t t="19" u="dictionary-1.0_elems_attributeSet.htm">attributeSet Element</t>
<t t="20" u="dictionary-1.0_elems_attributeValue.htm">attributeValue Element</t>
<t t="21" u="dictionary-1.0_elems_dictionary.htm">dictionary Element</t>
<t t="22" u="dictionary-1.0_elems_extension.htm">extension Element</t>
<t t="23" u="dictionary-1.0_elems_missingValue.htm">missingValue Element</t>
<t t="24" u="dictionary-1.0_elems_multipleResponseSet.htm">multipleResponseSet Element</t>
<t t="25" u="dictionary-1.0_elems_multipleResponseSetCategoryLabels.htm">multipleResponseSetCategoryLabels Element</t>
<t t="26" u="dictionary-1.0_elems_multipleResponseSetDichotomy.htm">multipleResponseSetDichotomy Element</t>
<t t="27" u="dictionary-1.0_elems_multipleResponseSetLabel.htm">multipleResponseSetLabel Element</t>
<t t="28" u="dictionary-1.0_elems_multipleResponseSetLabelSource.htm">multipleResponseSetLabelSource Element</t>
<t t="29" u="dictionary-1.0_elems_multipleResponseSetVariable.htm">multipleResponseSetVariable Element</t>
<t t="30" u="dictionary-1.0_elems_valueLabel.htm">valueLabel Element</t>
<t t="31" u="dictionary-1.0_elems_valueLabelSet.htm">valueLabelSet Element</t>
<t t="32" u="dictionary-1.0_elems_valueLabelVariable.htm">valueLabelVariable Element</t>
<t t="33" u="dictionary-1.0_elems_variable.htm">variable Element</t>
<t t="34" u="dictionary-1.0_elems_variable_variableFormat.htm">variableFormat Element</t>
<t t="35" u="dictionary-1.0_elems_variable_variableWriteFormat.htm">variableWriteFormat Element</t>
<t t="36" u="dictionary-1.0_elems_variableSet.htm">variableSet Element</t>
<t t="37" u="dictionary-1.0_elems_variableSetVariable.htm">variableSetVariable Element</t>
<t t="38" u="dictionary-1.0_elems_weightVariable.htm">weightVariable Element</t>
<t t="39" u="legalnotices.htm">Notices</t>
</ts></i>