{
	"license_index": [
		{
			"license_file_name":"license1.txt",
			"repository_names":["Plot_Geospatial_Data","Model_Random_Forest","Multicolor_Plot","Great_Circle_Distance","Plot_Heatmaps","Plot_Bubbles_Map","Present_Value","IsHoliday","Publish_to_ArcGIS","Reverse_Geocoding_Esri","Web_Heatmaps","Get_Coordinates_Esri","Read_JSON_File","Score_with_Zementis","Upload_Model_To_Zementis","List_Zementis_Models","Watson_Auto_Translate","Watson_Language_ID","Watson_Translate","Watson_Personality_Insights","MLlib_Pagerank","Cloudant","MLlib_CF","Visual_Recognition_with_Watson","WatsonMachineLearning"]
		},
		{
			"license_file_name":"license2.txt",
			"repository_names":["Weather_Underground_Import","Word_Cloud_Visualization","Read_CSV_From_URL","rCharts_Basic_Charts","Gradient_Boosted_Trees_with_MLlib","K_Means_with_MLlib","Multinomial_Naive_Bayes_with_MLlib","Bar_Charts_with_Plotly","Histograms_with_Plotly","Scatter_plots_with_Plotly","Sentiment_Analysis_with_Alchemy","Ranked_Named_Entities_with_Alchemy","SPSS_Moving_Average","TWCo_Historical_Gridded","TWCo_Historical_Airport","TWCo_Forecast_Daily","TWCo_Forecast_Intraday","TWCo_Forecast_Hourly","Concept_Cloud_Visualization","TWCo_Currents_Airport","TWCo_Currents_Airport_Past_24_Hour","TWCo_Forecast_Precip_Events","TWCo_Forecast_Short-Term","TWCo_Utility_Location","TWCo_Currents_Gridded","Hierarchical_Clustering","Portfolio_Optimization","TWCo_Currents_PWS","TWCo_Historical_PWS_1Day_Rapid","TWCo_Historical_PWS_7Day_Daily","TWCo_Historical_PWS_7Day_Hourly"]
		},
		{
			"license_file_name":"license3.txt",
			"repository_names":["Import_Data_from_Twitter","Import_Data_from_Facebook","TwitterBlueMix"]
		}
	]
}