<?xml version="1.0" encoding="utf-8"?><index xmlns:xi="http://www.w3.org/2001/XInclude"><es><i i="c"><e n="category element" t="1">category element</e><e n="cell element" t="5">cell element</e><e n="charttitle element" t="10">chartTitle element</e><e n="chart element" t="11">chart element</e><e n="command element" t="27">command element</e><e n="caption element" t="34">caption element</e><e n="cornertext element" t="38">cornerText element</e><e n="category element" t="51">category element</e><e n="cell element" t="55">cell element</e><e n="charttitle element" t="60">chartTitle element</e><e n="chart element" t="61">chart element</e><e n="command element" t="77">command element</e><e n="caption element" t="84">caption element</e><e n="cornertext element" t="88">cornerText element</e><e n="category element" t="101">category element</e><e n="cell element" t="105">cell element</e><e n="charttitle element" t="110">chartTitle element</e><e n="chart element" t="111">chart element</e><e n="command element" t="125">command element</e><e n="caption element" t="132">caption element</e><e n="cornertext element" t="133">cornerText element</e><e n="category element" t="143">category element</e><e n="cell element" t="147">cell element</e><e n="charttitle element" t="152">chartTitle element</e><e n="chart element" t="153">chart element</e><e n="command element" t="167">command element</e><e n="caption element" t="174">caption element</e><e n="cornertext element" t="175">cornerText element</e><e n="category element" t="185">category element</e><e n="cell element" t="189">cell element</e><e n="charttitle element" t="193">chartTitle element</e><e n="chart element" t="194">chart element</e><e n="command element" t="208">command element</e><e n="caption element" t="215">caption element</e><e n="cornertext element" t="216">cornerText element</e></i><i i="d"><e n="dimension element" t="14">dimension element</e><e n="dimension element" t="64">dimension element</e><e n="dimension element" t="112">dimension element</e><e n="dimension element" t="154">dimension element</e><e n="dimension element" t="195">dimension element</e></i><i i="f"><e n="footnote element" t="2">footnote element</e><e n="footnote element" t="6">footnote element</e><e n="footnote element" t="15">footnote element</e><e n="footnote element" t="19">footnote element</e><e n="footnote element" t="31">footnote element</e><e n="footnote element" t="35">footnote element</e><e n="footnote element" t="39">footnote element</e><e n="footnote element" t="48">footnote element</e><e n="footnote element" t="52">footnote element</e><e n="footnote element" t="56">footnote element</e><e n="footnote element" t="65">footnote element</e><e n="footnote element" t="69">footnote element</e><e n="footnote element" t="81">footnote element</e><e n="footnote element" t="85">footnote element</e><e n="footnote element" t="89">footnote element</e><e n="footnote element" t="98">footnote element</e><e n="footnote element" t="102">footnote element</e><e n="footnote element" t="106">footnote element</e><e n="footnote element" t="113">footnote element</e><e n="footnote element" t="117">footnote element</e><e n="footnote element" t="129">footnote element</e><e n="footnote element" t="140">footnote element</e><e n="footnote element" t="144">footnote element</e><e n="footnote element" t="148">footnote element</e><e n="footnote element" t="155">footnote element</e><e n="footnote element" t="159">footnote element</e><e n="footnote element" t="171">footnote element</e><e n="footnote element" t="182">footnote element</e><e n="footnote element" t="186">footnote element</e><e n="footnote element" t="190">footnote element</e><e n="footnote element" t="196">footnote element</e><e n="footnote element" t="200">footnote element</e><e n="footnote element" t="212">footnote element</e><e n="footnote element" t="223">footnote element</e></i><i i="g"><e n="group element" t="18">group element</e><e n="group element" t="68">group element</e><e n="group element" t="116">group element</e><e n="group element" t="158">group element</e><e n="group element" t="199">group element</e></i><i i="h"><e n="heading element" t="22">heading element</e><e n="heading element" t="72">heading element</e><e n="heading element" t="120">heading element</e><e n="heading element" t="162">heading element</e><e n="heading element" t="203">heading element</e></i><i i="l"><e n="line element" t="29">line element</e><e n="line element" t="43">line element</e><e n="line element" t="79">line element</e><e n="line element" t="93">line element</e><e n="line element" t="127">line element</e><e n="line element" t="135">line element</e><e n="line element" t="169">line element</e><e n="line element" t="177">line element</e><e n="line element" t="210">line element</e><e n="line element" t="218">line element</e><e n="legal notices" t="226">legal notices</e></i><i i="m"><e n="marker element" t="3">marker element</e><e n="marker element" t="7">marker element</e><e n="marker element" t="16">marker element</e><e n="marker element" t="20">marker element</e><e n="modeltitle element" t="23">modelTitle element</e><e n="model element" t="24">model element</e><e n="modelview element" t="25">modelView element</e><e n="marker element" t="32">marker element</e><e n="marker element" t="36">marker element</e><e n="marker element" t="40">marker element</e><e n="model element" t="45">model element</e><e n="marker element" t="49">marker element</e><e n="marker element" t="53">marker element</e><e n="marker element" t="57">marker element</e><e n="marker element" t="66">marker element</e><e n="marker element" t="70">marker element</e><e n="modeltitle element" t="73">modelTitle element</e><e n="model element" t="74">model element</e><e n="modelview element" t="75">modelView element</e><e n="marker element" t="82">marker element</e><e n="marker element" t="86">marker element</e><e n="marker element" t="90">marker element</e><e n="model element" t="95">model element</e><e n="marker element" t="99">marker element</e><e n="marker element" t="103">marker element</e><e n="marker element" t="107">marker element</e><e n="marker element" t="114">marker element</e><e n="marker element" t="118">marker element</e><e n="modeltitle element" t="121">modelTitle element</e><e n="model element" t="122">model element</e><e n="modelview element" t="123">modelView element</e><e n="marker element" t="130">marker element</e><e n="model element" t="137">model element</e><e n="marker element" t="141">marker element</e><e n="marker element" t="145">marker element</e><e n="marker element" t="149">marker element</e><e n="marker element" t="156">marker element</e><e n="marker element" t="160">marker element</e><e n="modeltitle element" t="163">modelTitle element</e><e n="model element" t="164">model element</e><e n="modelview element" t="165">modelView element</e><e n="marker element" t="172">marker element</e><e n="model element" t="179">model element</e><e n="marker element" t="183">marker element</e><e n="marker element" t="187">marker element</e><e n="marker element" t="191">marker element</e><e n="marker element" t="197">marker element</e><e n="marker element" t="201">marker element</e><e n="modeltitle element" t="204">modelTitle element</e><e n="model element" t="205">model element</e><e n="modelview element" t="206">modelView element</e><e n="marker element" t="213">marker element</e><e n="model element" t="220">model element</e><e n="marker element" t="224">marker element</e></i><i i="n"><e n="note element" t="4">note element</e><e n="note element" t="8">note element</e><e n="note element" t="17">note element</e><e n="note element" t="21">note element</e><e n="note element" t="33">note element</e><e n="note element" t="37">note element</e><e n="note element" t="41">note element</e><e n="nodetype type" t="47">NodeType type</e><e n="note element" t="50">note element</e><e n="note element" t="54">note element</e><e n="note element" t="58">note element</e><e n="note element" t="67">note element</e><e n="note element" t="71">note element</e><e n="note element" t="83">note element</e><e n="note element" t="87">note element</e><e n="note element" t="91">note element</e><e n="nodetype type" t="97">NodeType type</e><e n="note element" t="100">note element</e><e n="note element" t="104">note element</e><e n="note element" t="108">note element</e><e n="note element" t="115">note element</e><e n="note element" t="119">note element</e><e n="note element" t="131">note element</e><e n="nodetype type" t="139">NodeType type</e><e n="note element" t="142">note element</e><e n="note element" t="146">note element</e><e n="note element" t="150">note element</e><e n="note element" t="157">note element</e><e n="note element" t="161">note element</e><e n="note element" t="173">note element</e><e n="nodetype type" t="181">NodeType type</e><e n="note element" t="184">note element</e><e n="note element" t="188">note element</e><e n="note element" t="192">note element</e><e n="note element" t="198">note element</e><e n="note element" t="202">note element</e><e n="note element" t="214">note element</e><e n="nodetype type" t="222">NodeType type</e><e n="note element" t="225">note element</e></i><i i="o"><e n="objectarray element" t="13">objectArray element</e><e n="outputtree element" t="26">outputTree element</e><e n="objectarray element" t="63">objectArray element</e><e n="outputtree element" t="76">outputTree element</e><e n="outputtree element" t="124">outputTree element</e><e n="outputtree element" t="166">outputTree element</e><e n="outputtree element" t="207">outputTree element</e></i><i i="p"><e n="pagetitle element" t="28">pageTitle element</e><e n="pivottable element" t="30">pivotTable element</e><e n="pagetitle element" t="78">pageTitle element</e><e n="pivottable element" t="80">pivotTable element</e><e n="pagetitle element" t="126">pageTitle element</e><e n="pivottable element" t="128">pivotTable element</e><e n="pagetitle element" t="168">pageTitle element</e><e n="pivottable element" t="170">pivotTable element</e><e n="pagetitle element" t="209">pageTitle element</e><e n="pivottable element" t="211">pivotTable element</e></i><i i="s"><e n="sig element" t="9">sig element</e><e n="shapearray element" t="12">shapeArray element</e><e n="sig element" t="59">sig element</e><e n="shapearray element" t="62">shapeArray element</e><e n="sig element" t="109">sig element</e><e n="sig element" t="151">sig element</e></i><i i="t"><e n="textblock element" t="42">textBlock element</e><e n="treetitle element" t="44">treeTitle element</e><e n="treeview element" t="46">treeView element</e><e n="textblock element" t="92">textBlock element</e><e n="treetitle element" t="94">treeTitle element</e><e n="treeview element" t="96">treeView element</e><e n="textblock element" t="134">textBlock element</e><e n="treetitle element" t="136">treeTitle element</e><e n="treeview element" t="138">treeView element</e><e n="textblock element" t="176">textBlock element</e><e n="treetitle element" t="178">treeTitle element</e><e n="treeview element" t="180">treeView element</e><e n="textblock element" t="217">textBlock element</e><e n="treetitle element" t="219">treeTitle element</e><e n="treeview element" t="221">treeView element</e><e n="trademarks" t="226">trademarks</e></i></es><ts><t u="spss-output-1.8_elems_category.htm" t="1">category Element</t><t u="spss-output-1.8_elems_category_footnote.htm" t="2">footnote Element</t><t u="spss-output-1.8_elems_category_footnote_marker.htm" t="3">marker Element</t><t u="spss-output-1.8_elems_category_footnote_note.htm" t="4">note Element</t><t u="spss-output-1.8_elems_category_cell.htm" t="5">cell Element</t><t u="spss-output-1.8_elems_category_cell_footnote.htm" t="6">footnote Element</t><t u="spss-output-1.8_elems_category_cell_footnote_marker.htm" t="7">marker Element</t><t u="spss-output-1.8_elems_category_cell_footnote_note.htm" t="8">note Element</t><t u="spss-output-1.8_elems_category_cell_sig.htm" t="9">sig Element</t><t u="spss-output-1.8_elems_charttitle.htm" t="10">chartTitle Element</t><t u="spss-output-1.8_elems_charttitle_chart.htm" t="11">chart Element</t><t u="spss-output-1.8_elems_charttitle_shapearray.htm" t="12">shapeArray Element</t><t u="spss-output-1.8_elems_charttitle_objectarray.htm" t="13">objectArray Element</t><t u="spss-output-1.8_elems_dimension.htm" t="14">dimension Element</t><t u="spss-output-1.8_elems_dimension_footnote.htm" t="15">footnote Element</t><t u="spss-output-1.8_elems_dimension_footnote_marker.htm" t="16">marker Element</t><t u="spss-output-1.8_elems_dimension_footnote_note.htm" t="17">note Element</t><t u="spss-output-1.8_elems_group.htm" t="18">group Element</t><t u="spss-output-1.8_elems_group_footnote.htm" t="19">footnote Element</t><t u="spss-output-1.8_elems_group_footnote_marker.htm" t="20">marker Element</t><t u="spss-output-1.8_elems_group_footnote_note.htm" t="21">note Element</t><t u="spss-output-1.8_elems_heading.htm" t="22">heading Element</t><t u="spss-output-1.8_elems_modeltitle.htm" t="23">modelTitle Element</t><t u="spss-output-1.8_elems_modeltitle_model.htm" t="24">model Element</t><t u="spss-output-1.8_elems_modeltitle_modelview.htm" t="25">modelView Element</t><t u="spss-output-1.8_elems_outputtree.htm" t="26">outputTree Element</t><t u="spss-output-1.8_elems_outputtree_command.htm" t="27">command Element</t><t u="spss-output-1.8_elems_outputtree_pagetitle.htm" t="28">pageTitle Element</t><t u="spss-output-1.8_elems_outputtree_pagetitle_line.htm" t="29">line Element</t><t u="spss-output-1.8_elems_pivottable.htm" t="30">pivotTable Element</t><t u="spss-output-1.8_elems_pivottable_footnote.htm" t="31">footnote Element</t><t u="spss-output-1.8_elems_pivottable_footnote_marker.htm" t="32">marker Element</t><t u="spss-output-1.8_elems_pivottable_footnote_note.htm" t="33">note Element</t><t u="spss-output-1.8_elems_pivottable_caption.htm" t="34">caption Element</t><t u="spss-output-1.8_elems_pivottable_caption_footnote.htm" t="35">footnote Element</t><t u="spss-output-1.8_elems_pivottable_caption_footnote_marker.htm" t="36">marker Element</t><t u="spss-output-1.8_elems_pivottable_caption_footnote_note.htm" t="37">note Element</t><t u="spss-output-1.8_elems_pivottable_cornertext.htm" t="38">cornerText Element</t><t u="spss-output-1.8_elems_pivottable_cornertext_footnote.htm" t="39">footnote Element</t><t u="spss-output-1.8_elems_pivottable_cornertext_footnote_marker.htm" t="40">marker Element</t><t u="spss-output-1.8_elems_pivottable_cornertext_footnote_note.htm" t="41">note Element</t><t u="spss-output-1.8_elems_textblock.htm" t="42">textBlock Element</t><t u="spss-output-1.8_elems_textblock_line.htm" t="43">line Element</t><t u="spss-output-1.8_elems_treetitle.htm" t="44">treeTitle Element</t><t u="spss-output-1.8_elems_treetitle_model.htm" t="45">model Element</t><t u="spss-output-1.8_elems_treetitle_treeview.htm" t="46">treeView Element</t><t u="spss-output-1.8_types_nodetype.htm" t="47">NodeType Type</t><t u="spss-output-1.8_types_nodetype_footnote.htm" t="48">footnote Element</t><t u="spss-output-1.8_types_nodetype_footnote_marker.htm" t="49">marker Element</t><t u="spss-output-1.8_types_nodetype_footnote_note.htm" t="50">note Element</t><t u="spss-output-1.7_elems_category.htm" t="51">category Element</t><t u="spss-output-1.7_elems_category_footnote.htm" t="52">footnote Element</t><t u="spss-output-1.7_elems_category_footnote_marker.htm" t="53">marker Element</t><t u="spss-output-1.7_elems_category_footnote_note.htm" t="54">note Element</t><t u="spss-output-1.7_elems_category_cell.htm" t="55">cell Element</t><t u="spss-output-1.7_elems_category_cell_footnote.htm" t="56">footnote Element</t><t u="spss-output-1.7_elems_category_cell_footnote_marker.htm" t="57">marker Element</t><t u="spss-output-1.7_elems_category_cell_footnote_note.htm" t="58">note Element</t><t u="spss-output-1.7_elems_category_cell_sig.htm" t="59">sig Element</t><t u="spss-output-1.7_elems_charttitle.htm" t="60">chartTitle Element</t><t u="spss-output-1.7_elems_charttitle_chart.htm" t="61">chart Element</t><t u="spss-output-1.7_elems_charttitle_shapearray.htm" t="62">shapeArray Element</t><t u="spss-output-1.7_elems_charttitle_objectarray.htm" t="63">objectArray Element</t><t u="spss-output-1.7_elems_dimension.htm" t="64">dimension Element</t><t u="spss-output-1.7_elems_dimension_footnote.htm" t="65">footnote Element</t><t u="spss-output-1.7_elems_dimension_footnote_marker.htm" t="66">marker Element</t><t u="spss-output-1.7_elems_dimension_footnote_note.htm" t="67">note Element</t><t u="spss-output-1.7_elems_group.htm" t="68">group Element</t><t u="spss-output-1.7_elems_group_footnote.htm" t="69">footnote Element</t><t u="spss-output-1.7_elems_group_footnote_marker.htm" t="70">marker Element</t><t u="spss-output-1.7_elems_group_footnote_note.htm" t="71">note Element</t><t u="spss-output-1.7_elems_heading.htm" t="72">heading Element</t><t u="spss-output-1.7_elems_modeltitle.htm" t="73">modelTitle Element</t><t u="spss-output-1.7_elems_modeltitle_model.htm" t="74">model Element</t><t u="spss-output-1.7_elems_modeltitle_modelview.htm" t="75">modelView Element</t><t u="spss-output-1.7_elems_outputtree.htm" t="76">outputTree Element</t><t u="spss-output-1.7_elems_outputtree_command.htm" t="77">command Element</t><t u="spss-output-1.7_elems_outputtree_pagetitle.htm" t="78">pageTitle Element</t><t u="spss-output-1.7_elems_outputtree_pagetitle_line.htm" t="79">line Element</t><t u="spss-output-1.7_elems_pivottable.htm" t="80">pivotTable Element</t><t u="spss-output-1.7_elems_pivottable_footnote.htm" t="81">footnote Element</t><t u="spss-output-1.7_elems_pivottable_footnote_marker.htm" t="82">marker Element</t><t u="spss-output-1.7_elems_pivottable_footnote_note.htm" t="83">note Element</t><t u="spss-output-1.7_elems_pivottable_caption.htm" t="84">caption Element</t><t u="spss-output-1.7_elems_pivottable_caption_footnote.htm" t="85">footnote Element</t><t u="spss-output-1.7_elems_pivottable_caption_footnote_marker.htm" t="86">marker Element</t><t u="spss-output-1.7_elems_pivottable_caption_footnote_note.htm" t="87">note Element</t><t u="spss-output-1.7_elems_pivottable_cornertext.htm" t="88">cornerText Element</t><t u="spss-output-1.7_elems_pivottable_cornertext_footnote.htm" t="89">footnote Element</t><t u="spss-output-1.7_elems_pivottable_cornertext_footnote_marker.htm" t="90">marker Element</t><t u="spss-output-1.7_elems_pivottable_cornertext_footnote_note.htm" t="91">note Element</t><t u="spss-output-1.7_elems_textblock.htm" t="92">textBlock Element</t><t u="spss-output-1.7_elems_textblock_line.htm" t="93">line Element</t><t u="spss-output-1.7_elems_treetitle.htm" t="94">treeTitle Element</t><t u="spss-output-1.7_elems_treetitle_model.htm" t="95">model Element</t><t u="spss-output-1.7_elems_treetitle_treeview.htm" t="96">treeView Element</t><t u="spss-output-1.7_types_nodetype.htm" t="97">NodeType Type</t><t u="spss-output-1.7_types_nodetype_footnote.htm" t="98">footnote Element</t><t u="spss-output-1.7_types_nodetype_footnote_marker.htm" t="99">marker Element</t><t u="spss-output-1.7_types_nodetype_footnote_note.htm" t="100">note Element</t><t u="spss-output-1.6_elems_category.htm" t="101">category Element</t><t u="spss-output-1.6_elems_category_footnote.htm" t="102">footnote Element</t><t u="spss-output-1.6_elems_category_footnote_marker.htm" t="103">marker Element</t><t u="spss-output-1.6_elems_category_footnote_note.htm" t="104">note Element</t><t u="spss-output-1.6_elems_category_cell.htm" t="105">cell Element</t><t u="spss-output-1.6_elems_category_cell_footnote.htm" t="106">footnote Element</t><t u="spss-output-1.6_elems_category_cell_footnote_marker.htm" t="107">marker Element</t><t u="spss-output-1.6_elems_category_cell_footnote_note.htm" t="108">note Element</t><t u="spss-output-1.6_elems_category_cell_sig.htm" t="109">sig Element</t><t u="spss-output-1.6_elems_charttitle.htm" t="110">chartTitle Element</t><t u="spss-output-1.6_elems_charttitle_chart.htm" t="111">chart Element</t><t u="spss-output-1.6_elems_dimension.htm" t="112">dimension Element</t><t u="spss-output-1.6_elems_dimension_footnote.htm" t="113">footnote Element</t><t u="spss-output-1.6_elems_dimension_footnote_marker.htm" t="114">marker Element</t><t u="spss-output-1.6_elems_dimension_footnote_note.htm" t="115">note Element</t><t u="spss-output-1.6_elems_group.htm" t="116">group Element</t><t u="spss-output-1.6_elems_group_footnote.htm" t="117">footnote Element</t><t u="spss-output-1.6_elems_group_footnote_marker.htm" t="118">marker Element</t><t u="spss-output-1.6_elems_group_footnote_note.htm" t="119">note Element</t><t u="spss-output-1.6_elems_heading.htm" t="120">heading Element</t><t u="spss-output-1.6_elems_modeltitle.htm" t="121">modelTitle Element</t><t u="spss-output-1.6_elems_modeltitle_model.htm" t="122">model Element</t><t u="spss-output-1.6_elems_modeltitle_modelview.htm" t="123">modelView Element</t><t u="spss-output-1.6_elems_outputtree.htm" t="124">outputTree Element</t><t u="spss-output-1.6_elems_outputtree_command.htm" t="125">command Element</t><t u="spss-output-1.6_elems_outputtree_pagetitle.htm" t="126">pageTitle Element</t><t u="spss-output-1.6_elems_outputtree_pagetitle_line.htm" t="127">line Element</t><t u="spss-output-1.6_elems_pivottable.htm" t="128">pivotTable Element</t><t u="spss-output-1.6_elems_pivottable_footnote.htm" t="129">footnote Element</t><t u="spss-output-1.6_elems_pivottable_footnote_marker.htm" t="130">marker Element</t><t u="spss-output-1.6_elems_pivottable_footnote_note.htm" t="131">note Element</t><t u="spss-output-1.6_elems_pivottable_caption.htm" t="132">caption Element</t><t u="spss-output-1.6_elems_pivottable_cornertext.htm" t="133">cornerText Element</t><t u="spss-output-1.6_elems_textblock.htm" t="134">textBlock Element</t><t u="spss-output-1.6_elems_textblock_line.htm" t="135">line Element</t><t u="spss-output-1.6_elems_treetitle.htm" t="136">treeTitle Element</t><t u="spss-output-1.6_elems_treetitle_model.htm" t="137">model Element</t><t u="spss-output-1.6_elems_treetitle_treeview.htm" t="138">treeView Element</t><t u="spss-output-1.6_types_nodetype.htm" t="139">NodeType Type</t><t u="spss-output-1.6_types_nodetype_footnote.htm" t="140">footnote Element</t><t u="spss-output-1.6_types_nodetype_footnote_marker.htm" t="141">marker Element</t><t u="spss-output-1.6_types_nodetype_footnote_note.htm" t="142">note Element</t><t u="spss-output-1.5_elems_category.htm" t="143">category Element</t><t u="spss-output-1.5_elems_category_footnote.htm" t="144">footnote Element</t><t u="spss-output-1.5_elems_category_footnote_marker.htm" t="145">marker Element</t><t u="spss-output-1.5_elems_category_footnote_note.htm" t="146">note Element</t><t u="spss-output-1.5_elems_category_cell.htm" t="147">cell Element</t><t u="spss-output-1.5_elems_category_cell_footnote.htm" t="148">footnote Element</t><t u="spss-output-1.5_elems_category_cell_footnote_marker.htm" t="149">marker Element</t><t u="spss-output-1.5_elems_category_cell_footnote_note.htm" t="150">note Element</t><t u="spss-output-1.5_elems_category_cell_sig.htm" t="151">sig Element</t><t u="spss-output-1.5_elems_charttitle.htm" t="152">chartTitle Element</t><t u="spss-output-1.5_elems_charttitle_chart.htm" t="153">chart Element</t><t u="spss-output-1.5_elems_dimension.htm" t="154">dimension Element</t><t u="spss-output-1.5_elems_dimension_footnote.htm" t="155">footnote Element</t><t u="spss-output-1.5_elems_dimension_footnote_marker.htm" t="156">marker Element</t><t u="spss-output-1.5_elems_dimension_footnote_note.htm" t="157">note Element</t><t u="spss-output-1.5_elems_group.htm" t="158">group Element</t><t u="spss-output-1.5_elems_group_footnote.htm" t="159">footnote Element</t><t u="spss-output-1.5_elems_group_footnote_marker.htm" t="160">marker Element</t><t u="spss-output-1.5_elems_group_footnote_note.htm" t="161">note Element</t><t u="spss-output-1.5_elems_heading.htm" t="162">heading Element</t><t u="spss-output-1.5_elems_modeltitle.htm" t="163">modelTitle Element</t><t u="spss-output-1.5_elems_modeltitle_model.htm" t="164">model Element</t><t u="spss-output-1.5_elems_modeltitle_modelview.htm" t="165">modelView Element</t><t u="spss-output-1.5_elems_outputtree.htm" t="166">outputTree Element</t><t u="spss-output-1.5_elems_outputtree_command.htm" t="167">command Element</t><t u="spss-output-1.5_elems_outputtree_pagetitle.htm" t="168">pageTitle Element</t><t u="spss-output-1.5_elems_outputtree_pagetitle_line.htm" t="169">line Element</t><t u="spss-output-1.5_elems_pivottable.htm" t="170">pivotTable Element</t><t u="spss-output-1.5_elems_pivottable_footnote.htm" t="171">footnote Element</t><t u="spss-output-1.5_elems_pivottable_footnote_marker.htm" t="172">marker Element</t><t u="spss-output-1.5_elems_pivottable_footnote_note.htm" t="173">note Element</t><t u="spss-output-1.5_elems_pivottable_caption.htm" t="174">caption Element</t><t u="spss-output-1.5_elems_pivottable_cornertext.htm" t="175">cornerText Element</t><t u="spss-output-1.5_elems_textblock.htm" t="176">textBlock Element</t><t u="spss-output-1.5_elems_textblock_line.htm" t="177">line Element</t><t u="spss-output-1.5_elems_treetitle.htm" t="178">treeTitle Element</t><t u="spss-output-1.5_elems_treetitle_model.htm" t="179">model Element</t><t u="spss-output-1.5_elems_treetitle_treeview.htm" t="180">treeView Element</t><t u="spss-output-1.5_types_nodetype.htm" t="181">NodeType Type</t><t u="spss-output-1.5_types_nodetype_footnote.htm" t="182">footnote Element</t><t u="spss-output-1.5_types_nodetype_footnote_marker.htm" t="183">marker Element</t><t u="spss-output-1.5_types_nodetype_footnote_note.htm" t="184">note Element</t><t u="spss-output-1.4_elems_category.htm" t="185">category Element</t><t u="spss-output-1.4_elems_category_footnote.htm" t="186">footnote Element</t><t u="spss-output-1.4_elems_category_footnote_marker.htm" t="187">marker Element</t><t u="spss-output-1.4_elems_category_footnote_note.htm" t="188">note Element</t><t u="spss-output-1.4_elems_category_cell.htm" t="189">cell Element</t><t u="spss-output-1.4_elems_category_cell_footnote.htm" t="190">footnote Element</t><t u="spss-output-1.4_elems_category_cell_footnote_marker.htm" t="191">marker Element</t><t u="spss-output-1.4_elems_category_cell_footnote_note.htm" t="192">note Element</t><t u="spss-output-1.4_elems_charttitle.htm" t="193">chartTitle Element</t><t u="spss-output-1.4_elems_charttitle_chart.htm" t="194">chart Element</t><t u="spss-output-1.4_elems_dimension.htm" t="195">dimension Element</t><t u="spss-output-1.4_elems_dimension_footnote.htm" t="196">footnote Element</t><t u="spss-output-1.4_elems_dimension_footnote_marker.htm" t="197">marker Element</t><t u="spss-output-1.4_elems_dimension_footnote_note.htm" t="198">note Element</t><t u="spss-output-1.4_elems_group.htm" t="199">group Element</t><t u="spss-output-1.4_elems_group_footnote.htm" t="200">footnote Element</t><t u="spss-output-1.4_elems_group_footnote_marker.htm" t="201">marker Element</t><t u="spss-output-1.4_elems_group_footnote_note.htm" t="202">note Element</t><t u="spss-output-1.4_elems_heading.htm" t="203">heading Element</t><t u="spss-output-1.4_elems_modeltitle.htm" t="204">modelTitle Element</t><t u="spss-output-1.4_elems_modeltitle_model.htm" t="205">model Element</t><t u="spss-output-1.4_elems_modeltitle_modelview.htm" t="206">modelView Element</t><t u="spss-output-1.4_elems_outputtree.htm" t="207">outputTree Element</t><t u="spss-output-1.4_elems_outputtree_command.htm" t="208">command Element</t><t u="spss-output-1.4_elems_outputtree_pagetitle.htm" t="209">pageTitle Element</t><t u="spss-output-1.4_elems_outputtree_pagetitle_line.htm" t="210">line Element</t><t u="spss-output-1.4_elems_pivottable.htm" t="211">pivotTable Element</t><t u="spss-output-1.4_elems_pivottable_footnote.htm" t="212">footnote Element</t><t u="spss-output-1.4_elems_pivottable_footnote_marker.htm" t="213">marker Element</t><t u="spss-output-1.4_elems_pivottable_footnote_note.htm" t="214">note Element</t><t u="spss-output-1.4_elems_pivottable_caption.htm" t="215">caption Element</t><t u="spss-output-1.4_elems_pivottable_cornertext.htm" t="216">cornerText Element</t><t u="spss-output-1.4_elems_textblock.htm" t="217">textBlock Element</t><t u="spss-output-1.4_elems_textblock_line.htm" t="218">line Element</t><t u="spss-output-1.4_elems_treetitle.htm" t="219">treeTitle Element</t><t u="spss-output-1.4_elems_treetitle_model.htm" t="220">model Element</t><t u="spss-output-1.4_elems_treetitle_treeview.htm" t="221">treeView Element</t><t u="spss-output-1.4_types_nodetype.htm" t="222">NodeType Type</t><t u="spss-output-1.4_types_nodetype_footnote.htm" t="223">footnote Element</t><t u="spss-output-1.4_types_nodetype_footnote_marker.htm" t="224">marker Element</t><t u="spss-output-1.4_types_nodetype_footnote_note.htm" t="225">note Element</t><t u="legalnotices.htm" t="226">Notices</t></ts></index>