{
"extension_index":[
	{
		"repository":"SPSSINC_CENSOR_TABLES",
		"description":"Censor cells of a pivot table based on the values of a tests",
		"pushed_at":"2021-03-22T01:53:27Z",
		"type":"Extension",
		"provider":"IBM",
		"software":"SPSS Statistics",
		"language":"Python 3",
		"category":"Presentation",
		"promotion":"No",
		"download_link":"https://github.com/IBMPredictiveAnalytics/SPSSINC_CENSOR_TABLES/releases/download/2.0.2/SPSSINC_CENSOR_TABLES.spe",
		"image_link":"https://raw.githubusercontent.com/IBMPredictiveAnalytics/SPSSINC_CENSOR_TABLES/master/default.png",
		"extension_detail_info": {
			"Name":"SPSSINC CENSOR TABLES",
			"Dialog-Specs":"SPSSINC_CENSOR_TABLES.spd",
			"Command-Specs":"SPSSINC_CENSOR_TABLES.xml",
			"Code-Files":"SPSSINC_CENSOR_TABLES.py",
			"Misc-Files":"markdown.html",
			"Summary":"Censor cells of a pivot table based on the values of a test statistic",
			"Description":"Use this command to blank out or otherwise obscure cells in the most recent pivot table of a selected type based on the value of a specified statistic in the table. For example, you can blank out cell statistics based on small counts or blank out insignificant correlations in a correlation matrix.",
			"Author":"IBM SPSS",
			"Version":"2.0.2",
			"Product-Version":"24",
			"Date":"1/2/2014",
			"Product-Version-Maximum":"99",
			"Categories":"Extension Commands, Python",
			"Plugins":"Python",
			"Python-Version":"3",
			"Translation-Catalogues":"lang"
		}
	},
	{
		"repository":"SPSSINC_COMPARE_DATASETS",
		"description":"Compare two open datasets.",
		"pushed_at":"2021-04-23T06:56:27Z",
		"type":"Extension",
		"provider":"IBM",
		"software":"SPSS Statistics",
		"language":"Python 3",
		"category":"Utility",
		"promotion":"No",
		"download_link":"https://github.com/IBMPredictiveAnalytics/SPSSINC_COMPARE_DATASETS/releases/download/2.0.0/SPSSINC_COMPARE_DATASETS.spe",
		"image_link":"https://raw.githubusercontent.com/IBMPredictiveAnalytics/SPSSINC_COMPARE_DATASETS/master/default.png",
		"extension_detail_info": {
			"Name":"SPSSINC COMPARE DATASETS",
			"Dialog-Specs":"SPSSINC_COMPARE_DATASETS.spd",
			"Command-Specs":"SPSSINC_COMPARE_DATASETS.xml",
			"Code-Files":"comparedatasets17.py,SPSSINC_COMPARE_DATASETS.py",
			"Misc-Files":"notices_SPSSINC_COMPARE_DATASETS.txt,markdown.html",
			"Summary":"Compare two open datasets.",
			"Description":"This procedure compares two open datasets. You can specify whether the comparison includes the case data, the variable properties or both.",
			"Author":"IBM SPSS",
			"Version":"2.0.0",
			"Product-Version":"24",
			"Date":"6/9/2011",
			"Product-Version-Maximum":"99",
			"Categories":"Extension Commands, Python",
			"Plugins":"Python",
			"Python-Version":"3",
			"Translation-Catalogues":"lang"
		}
	},
	{
		"repository":"SPSSINC_CREATE_DUMMIES",
		"description":"Create a set of dummy variables representing the values of on",
		"pushed_at":"2020-06-17T06:49:20Z",
		"type":"Extension",
		"provider":"IBM",
		"software":"SPSS Statistics",
		"language":"Python 3",
		"category":"Data manipulation",
		"promotion":"No",
		"download_link":"https://github.com/IBMPredictiveAnalytics/SPSSINC_CREATE_DUMMIES/releases/download/3.0.0/SPSSINC_CREATE_DUMMIES.spe",
		"image_link":"https://raw.githubusercontent.com/IBMPredictiveAnalytics/SPSSINC_CREATE_DUMMIES/master/default.png",
		"extension_detail_info": {
			"Name":"SPSSINC CREATE DUMMIES",
			"Dialog-Specs":"SPSSINC_CREATE_DUMMIES.spd",
			"Command-Specs":"SPSSINC_CREATE_DUMMIES.xml",
			"Code-Files":"SPSSINC_CREATE_DUMMIES.py",
			"Misc-Files":"extsyntax.css,IBMdialogicon.png,markdown.html",
			"Summary":"Create a set of dummy variables representing the values of one or more variables and interaction terms",
			"Description":"This procedure creates a set of 0-1 dummy variables representing the distinct values of one or more variables. It can also create dummies for two- and three-way interaction terms.  It is useful, for example, in converting categorical variables into a set of variables appropriate for use in the Regression procedure. It can optionally create  macro variables representing sets of dummies.",
			"Author":"JKP, IBM SPSS",
			"Version":"3.0.0",
			"Product-Version":"24",
			"Date":"1/2/2014",
			"Product-Version-Maximum":"99",
			"Categories":"Extension Commands, Python, Statistics",
			"Plugins":"Python",
			"Python-Version":"3",
			"Translation-Catalogues":"lang"
		}
	},
	{
		"repository":"SPSSINC_GETURI_DATA",
		"description":"Open an SPSS, Excel, SAS, or Stata dataset from a web url.",
		"pushed_at":"2020-06-17T06:55:17Z",
		"type":"Extension",
		"provider":"IBM",
		"software":"SPSS Statistics",
		"language":"Python 3",
		"category":"Utility",
		"promotion":"No",
		"download_link":"https://github.com/IBMPredictiveAnalytics/SPSSINC_GETURI_DATA/releases/download/2.0.0/SPSSINC_GETURI_DATA.spe",
		"image_link":"https://raw.githubusercontent.com/IBMPredictiveAnalytics/SPSSINC_GETURI_DATA/master/default.png",
		"extension_detail_info": {
			"Name":"SPSSINC GETURI DATA",
			"Dialog-Specs":"SPSSINC_GETURI_DATA.spd",
			"Command-Specs":"SPSSINC_GETURI_DATA.xml",
			"Code-Files":"SPSSINC_GETURI_DATA.py",
			"Misc-Files":"extsyntax.css,IBMdialogicon.png,markdown.html",
			"Summary":"Open an SPSS, Excel, SAS, or Stata dataset from a web url.",
			"Description":"This command takes a URL as input and downloads and opens a data file.  It can be used to download and save files of other types, but these will not be opened.",
			"Author":"JKP, IBM SPSS",
			"Version":"2.0.0",
			"Product-Version":"24",
			"Product-Version-Maximum":"99",
			"Categories":"data, utilities",
			"Plugins":"Python",
			"Python-Version":"3",
			"Translation-Catalogues":"lang"
		}
	},
	{
		"repository":"SPSSINC_HETCOR",
		"description":"Calculate correlations between nominal, ordinal, and scale va",
		"pushed_at":"2020-11-25T09:36:12Z",
		"type":"Extension",
		"provider":"IBM",
		"software":"SPSS Statistics",
		"language":"Python3",
		"category":"Analysis",
		"promotion":"No",
		"download_link":"https://github.com/IBMPredictiveAnalytics/SPSSINC_HETCOR/releases/download/2.0.0/SPSSINC_HETCOR.spe",
		"image_link":"https://raw.githubusercontent.com/IBMPredictiveAnalytics/SPSSINC_HETCOR/master/default.png",
		"extension_detail_info": {
			"Name":"SPSSINC HETCOR",
			"Dialog-Specs":"SPSSINC_HETCOR.spd",
			"Command-Specs":"SPSSINC_HETCOR.xml",
			"Code-Files":"SPSSINC_HETCOR.py",
			"Misc-Files":"extsyntax.css,IBMdialogicon.png,markdown.html",
			"Summary":"Calculate correlations between nominal, ordinal, and scale variables.",
			"Description":"This procedure calculates correlations between nominal, ordinal, and scale variables, accounting for the measurement levels of the variables. The resulting heterogeneous correlation matrix consists of Pearson product-moment correlations between scale variables, polyserial correlations between scale and categorical variables, and polychoric correlations between categorical variables. The procedure uses the hetcor function from the R polycor package.",
			"Author":"IBM SPSS",
			"Version":"2.0.0",
			"Product-Version":"24",
			"Date":"1/2/2014",
			"Categories":"Extension Commands, R, Statistics",
			"Plugins":"Python,R",
			"Python-Version":"3",
			"R-Packages":"polycor",
			"Translation-Catalogues":"lang"
		}
	},
	{
		"repository":"SPSSINC_MERGE_TABLES",
		"description":"Merge the contents of one pivot table in the Viewer into anot",
		"pushed_at":"2020-06-17T06:11:12Z",
		"type":"Extension",
		"provider":"IBM",
		"software":"SPSS Statistics",
		"language":"Python 3",
		"category":"Presentation",
		"promotion":"No",
		"download_link":"https://github.com/IBMPredictiveAnalytics/SPSSINC_MERGE_TABLES/releases/download/2.0.0/SPSSINC_MERGE_TABLES.spe",
		"image_link":"https://raw.githubusercontent.com/IBMPredictiveAnalytics/SPSSINC_MERGE_TABLES/master/default.png",
		"extension_detail_info": {
			"Name":"SPSSINC MERGE TABLES",
			"Dialog-Specs":"SPSSINC_MERGE_TABLES.spd",
			"Command-Specs":"SPSSINC_MERGE_TABLES.xml",
			"Code-Files":"SPSSINC_MERGE_TABLES.py,tables17.py",
			"Misc-Files":"extsyntax.css,IBMdialogicon.png,markdown.html",
			"Summary":"Merge the contents of one pivot table in the Viewer into another.",
			"Description":"This procedure combines cell values from one table with values in another table. The most common usage is to combine proportion or means test tables from Custom Tables with the main table, but many other kinds of merges are possible.",
			"Author":"IBM SPSS",
			"Version":"2.0.0",
			"Product-Version":"24",
			"Date":"1/2/2014",
			"Product-Version-Maximum":"99",
			"Categories":"Extension Commands, Python",
			"Plugins":"Python",
			"Python-Version":"3",
			"Translation-Catalogues":"lang"
		}
	},
	{
		"repository":"SPSSINC_MODIFY_TABLES",
		"description":"Modify the appearance of pivot tables.",
		"pushed_at":"2020-07-03T01:46:35Z",
		"type":"Extension",
		"provider":"IBM",
		"software":"SPSS Statistics",
		"language":"Python 3",
		"category":"Presentation",
		"promotion":"No",
		"download_link":"https://github.com/IBMPredictiveAnalytics/SPSSINC_MODIFY_TABLES/releases/download/2.0.1/SPSSINC_MODIFY_TABLES.spe",
		"image_link":"https://raw.githubusercontent.com/IBMPredictiveAnalytics/SPSSINC_MODIFY_TABLES/master/default.png",
		"extension_detail_info": {
			"Name":"SPSSINC MODIFY TABLES",
			"Dialog-Specs":"SPSSINC_MODIFY_TABLES.spd",
			"Command-Specs":"SPSSINC_MODIFY_TABLES.xml",
			"Code-Files":"SPSSINC_MODIFY_TABLES.py,modifytables.py,customstylefunctions.py",
			"Misc-Files":"Hiding.sps,extsyntax.css,testsigspread.sps,SPSSINC_MODIFY_TABLES.htm,IBMdialogicon.png,testModifyTables.sps,testmodifytablesgarish.sps,testFormatCorr.sps,notices_SPSSINC MODIFY TABLES.txt,markdown.html",
			"Summary":"Modify the appearance of pivot tables.",
			"Description":"This procedure allows you to modify the appearance of data cells and row and column labels. You can modify text style, text color or background color. You can also set column widths or the width of row labels and you can hide specified rows or columns.",
			"Author":"IBM SPSS",
			"Version":"2.0.1",
			"Product-Version":"24",
			"Date":"10/7/2011",
			"Product-Version-Maximum":"99",
			"Categories":"Extension Commands, Python",
			"Plugins":"Python",
			"Python-Version":"3",
			"Translation-Catalogues":"lang"
		}
	},
	{
		"repository":"SPSSINC_PROCESS_FILES",
		"description":"Apply a file of syntax to a set of data files",
		"pushed_at":"2020-06-17T06:59:42Z",
		"type":"Extension",
		"provider":"IBM",
		"software":"SPSS Statistics",
		"language":"Python 3",
		"category":"Data manipulation",
		"promotion":"No",
		"download_link":"https://github.com/IBMPredictiveAnalytics/SPSSINC_PROCESS_FILES/releases/download/2.0.0/SPSSINC_PROCESS_FILES.spe",
		"image_link":"https://raw.githubusercontent.com/IBMPredictiveAnalytics/SPSSINC_PROCESS_FILES/master/default.png",
		"extension_detail_info": {
			"Name":"SPSSINC PROCESS FILES",
			"Dialog-Specs":"SPSSINC_PROCESS_FILES.spd",
			"Command-Specs":"SPSSINC_PROCESS_FILES.xml",
			"Code-Files":"SPSSINC_PROCESS_FILES.py",
			"Misc-Files":"extsyntax.css,IBMdialogicon.png,markdown.html",
			"Summary":"Apply a file of syntax to a set of data files",
			"Description":"This procedure applies a file of syntax to each of a group of selected files. It defines file handles and macros for use in the syntax file, and provides various options for handling Viewer and data output.",
			"Author":"JKP, IBM SPSS",
			"Version":"2.0.0",
			"Product-Version":"24",
			"Date":"1/2/2014",
			"Product-Version-Maximum":"99",
			"Plugins":"Python",
			"Python-Version":"3",
			"Translation-Catalogues":"lang"
		}
	},
	{
		"repository":"SPSSINC_MFP_GLM",
		"description":"Estimate a regression with fractional polynomials for the scale variables",
		"pushed_at":"2016-02-02T21:52:27Z",
		"type":"Extension",
		"provider":"IBM",
		"software":"SPSS Statistics",
		"language":"Python,R",
		"category":"Analysis",
		"promotion":"No",
		"download_link":"https://github.com/IBMPredictiveAnalytics/SPSSINC_MFP_GLM/releases/download/1.0.3/SPSSINC_MFP_GLM.spe",
		"image_link":"https://raw.githubusercontent.com/IBMPredictiveAnalytics/SPSSINC_MFP_GLM/master/default.png",
		"extension_detail_info": {
			"Name":"SPSSINC MFP GLM",
			"Dialog-Specs":"SPSSINC_MFP_GLM.spd",
			"Command-Specs":"SPSSINC_MFP_GLM.xml",
			"Code-Files":"SPSSINC_MFP_GLM.py",
			"Misc-Files":"markdown.html,extsyntax.css,IBMdialogicon.png",
			"Summary":"Estimate a regression with fractional polynomials for the scale variables",
			"Description":"This procedure estimates fractional polynomial models with a variety of link functions.  Controls are available to limit the degree of the polynomial",
			"Author":"JKP, IBM SPSS",
			"Version":"1.0.3",
			"Product-Version":"18",
			"Plugins":"Python,R",
			"R-Packages":"mfp",
			"Product-Version-Maximum":"99"
		}
	},
	{
		"repository":"SPSSINC_MODIFY_OUTPUT",
		"description":"Modify output titles and other aspects of objects in the View",
		"pushed_at":"2020-10-13T03:13:35Z",
		"type":"Extension",
		"provider":"IBM",
		"software":"SPSS Statistics",
		"language":"Python 3",
		"category":"Presentation",
		"promotion":"No",
		"download_link":"https://github.com/IBMPredictiveAnalytics/SPSSINC_MODIFY_OUTPUT/releases/download/2.0.2/SPSSINC_MODIFY_OUTPUT.spe",
		"image_link":"https://raw.githubusercontent.com/IBMPredictiveAnalytics/SPSSINC_MODIFY_OUTPUT/master/default.png",
		"extension_detail_info": {
			"Name":"SPSSINC MODIFY OUTPUT",
			"Dialog-Specs":"SPSSINC_MODIFY_OUTPUT.spd",
			"Command-Specs":"SPSSINC_MODIFY_OUTPUT.xml",
			"Code-Files":"customoutputfunctions.py,modifyoutput.py,SPSSINC_MODIFY_OUTPUT.py",
			"Misc-Files":"markdown.html",
			"Summary":"Modify output titles and other aspects of objects in the Viewer",
			"Description":"This procedure allows you to modify the text of specified items in the outline pane of the Viewer as well as the titles (such as pivot table titles) or text (such as for title items) of the associated items. Replacement text can contain html or rtf formatting notation. Optionally, you can hide specified items and you can insert page breaks before specified title items.  Using included custom functions, selected items can be exported, and there is extra page break functionality.",
			"Author":"IBM SPSS",
			"Version":"2.0.2",
			"Product-Version":"24",
			"Date":"6/9/2011",
			"Product-Version-Maximum":"99",
			"Categories":"Extension Commands, Python",
			"Plugins":"Python",
			"Python-Version":"3",
			"Translation-Catalogues":"lang"
		}
	},
	{
		"repository":"SPSSINC_PROCESS_FILES_SEARCH",
		"description":"Search the cases in a set of SPSS SAV files",
		"pushed_at":"2020-06-17T08:04:13Z",
		"type":"Extension",
		"provider":"IBM",
		"software":"SPSS Statistics",
		"language":"Python 3",
		"category":"Data Manipulation",
		"promotion":"No",
		"download_link":"https://github.com/IBMPredictiveAnalytics/SPSSINC_PROCESS_FILES_SEARCH/releases/download/2.0.0/SPSSINC_PROCESS_FILES_SEARCH.spe",
		"image_link":"https://raw.githubusercontent.com/IBMPredictiveAnalytics/SPSSINC_PROCESS_FILES_SEARCH/master/default.png",
		"extension_detail_info": {
			"Name":"SPSSINC PROCESS FILES_SEARCH",
			"Dialog-Specs":"SPSSINC_PROCESS_FILES_SEARCH.spd",
			"Misc-Files":"extsyntax.css",
			"Summary":"Search the cases in a set of SPSS SAV files",
			"Description":"This procedure provides a way to search through the cases in a collection of similarly structured data files and display information from those matching the search criteria. You specify the files to search, the case selection criterion, and the variables to display for the selected cases. This bundle requires the SPSSINC PROCESS FILES extension.",
			"Author":"JKP IBM SPSS",
			"Version":"2.0.0",
			"Product-Version":"24",
			"Date":"1/2/2014",
			"Plugins":"Python",
			"Python-Version":"3",
			"Python-Modules":"SPSSINC_PROCESS_FILES.py",
			"Translation-Catalogues":"lang"
		}
	},
	{
		"repository":"SPSSINC_PROGRAM",
		"description":"Extension command to run arbitrary Python programs without tu",
		"pushed_at":"2020-10-21T07:04:04Z",
		"type":"Extension",
		"provider":"IBM",
		"software":"SPSS Statistics",
		"language":"Python 3",
		"category":"Utility",
		"promotion":"No",
		"download_link":"https://github.com/IBMPredictiveAnalytics/SPSSINC_PROGRAM/releases/download/2.0.1/SPSSINC_PROGRAM.spe",
		"image_link":"https://raw.githubusercontent.com/IBMPredictiveAnalytics/SPSSINC_PROGRAM/master/default.png",
		"extension_detail_info": {
			"Name":"SPSSINC PROGRAM",
			"Dialog-Specs":"SPSSINC_PROGRAM.spd",
			"Command-Specs":"SPSSINC_PROGRAM.xml",
			"Code-Files":"SPSSINC_PROGRAM.py",
			"Misc-Files":"extsyntax.css,IBMdialogicon.png,markdown.html",
			"Summary":"Extension command to run arbitrary Python programs without turning them into extension commands",
			"Description":"This extension command allows you to run Python programs as if they were extension commands but without actually making them into such.  The primary benefit is that it is easy to pass parameters to programs this way.",
			"Author":"JKP, IBM SPSS",
			"Version":"2.0.1",
			"Product-Version":"24",
			"Product-Version-Maximum":"99",
			"Plugins":"Python",
			"Python-Version":"3",
			"Translation-Catalogues":"lang"
		}
	},
	{
		"repository":"SPSSINC_QQPLOT2",
		"description":"Two variable or two group Q-Q plot",
		"pushed_at":"2016-02-02T22:39:42Z",
		"type":"Extension",
		"provider":"IBM",
		"software":"SPSS Statistics",
		"language":"R",
		"category":"Visualization",
		"promotion":"No",
		"download_link":"https://github.com/IBMPredictiveAnalytics/SPSSINC_QQPLOT2/releases/download/1.0.4/SPSSINC_QQPLOT2.spe",
		"image_link":"https://raw.githubusercontent.com/IBMPredictiveAnalytics/SPSSINC_QQPLOT2/master/default.png",
		"extension_detail_info": {
			"Name":"SPSSINC QQPLOT2",
			"Dialog-Specs":"SPSSINC_QQPLOT2.spd",
			"Command-Specs":"SPSSINC_QQPLOT2.xml",
			"Code-Files":"SPSSINC_QQPLOT2.R",
			"Misc-Files":"markdown.html,extsyntax.css,IBMdialogicon.png",
			"Summary":"Two variable or two group Q-Q plot",
			"Description":"The standard Q-Q plot in Statistics plots a variable against a theoretical distribution.  This package produces a Q-Q plot of one variable against another one or a plot of a variable's distribution in one group against the distribution in another group.",
			"Author":"JKP, IBM SPSS",
			"Version":"1.0.4",
			"Product-Version":"18",
			"Date":"5/28/2014",
			"Categories":"graphics, qqplot",
			"Plugins":"R",
			"Translation-Catalogues":"lang",
			"Product-Version-Maximum":"99"
		}
	},
	{
		"repository":"SPSSINC_QUANTREG",
		"description":"Estimate one or more conditional quantiles for a linear model.",
		"pushed_at":"2016-02-02T22:42:41Z",
		"type":"Extension",
		"provider":"IBM",
		"software":"SPSS Statistics",
		"language":"R",
		"category":"Analysis",
		"promotion":"No",
		"download_link":"https://github.com/IBMPredictiveAnalytics/SPSSINC_QUANTREG/releases/download/1.2.6/SPSSINC_QUANTREG.spe",
		"image_link":"https://raw.githubusercontent.com/IBMPredictiveAnalytics/SPSSINC_QUANTREG/master/default.png",
		"extension_detail_info": {
			"Name":"SPSSINC QUANTREG",
			"Dialog-Specs":"SPSSINC_QUANTREG.spd",
			"Command-Specs":"SPSSINC_QUANTREG.xml",
			"Code-Files":"SPSSINC_QUANTREG.R",
			"Misc-Files":"markdown.html,extsyntax.css,IBMdialogicon.png",
			"Summary":"Estimate one or more conditional quantiles for a linear model.",
			"Description":"This procedure estimates one or more conditional quantiles (0 <= q <= 1) for a linear model, using the rq function from the R quantreg package. In contrast, ordinary regression estimates the conditional mean. The procedure allows you to choose the estimation algorithm as well as the method for estimating the standard error. You can save both the residuals from the regression and the estimated coefficients.",
			"Author":"IBM SPSS",
			"Version":"1.2.6",
			"Product-Version":"18",
			"Date":"1/2/2014",
			"Links":"http://www.r-project.org",
			"Categories":"Extension Commands, R, Statistics",
			"Plugins":"R",
			"R-Packages":"quantreg",
			"Translation-Catalogues":"lang",
			"Product-Version-Maximum":"99"
		}
	},
	{
		"repository":"SPSSINC_RAKE",
		"description":"Calculate weights to control totals in up to ten dimensions by rim weighting, i.e. raking",
		"pushed_at":"2021-02-10T17:03:48Z",
		"type":"Extension",
		"provider":"IBM",
		"software":"SPSS Statistics",
		"language":"Python 3",
		"category":"Data Manipulation",
		"promotion":"No",
		"download_link":"https://github.com/IBMPredictiveAnalytics/SPSSINC_RAKE/releases/download/3.0.0/SPSSINC_RAKE.spe",
		"image_link":"https://raw.githubusercontent.com/IBMPredictiveAnalytics/SPSSINC_RAKE/master/default.png",
		"extension_detail_info": {
			"Name":"SPSSINC_RAKE",
			"Dialog-Specs":"SPSSINC_RAKE.spd",
			"Command-Specs":"SPSSINC_RAKE.xml",
			"Code-Files":"SPSSINC_RAKE.py",
			"Misc-Files":"Raking with IBM SPSS Statistics.pdf,extsyntax.css,schoolsurvey.sav,IBMdialogicon.png,markdown.html",
			"Summary":"Calculate weights to control totals in up to ten dimensions by rim weighting, i.e. raking",
			"Description":"This procedure calculates a weight so that the case count will match specified control totals in one to ten dimensions.  This procedure requires the Advanced Statistics option.  Version 2.4 improves the weight calculations when there is an input weight.",
			"Author":"JKP, IBM SPSS",
			"Version":"3.0.0",
			"Product-Version":"24",
			"Date":"1/2/2014",
			"Product-Version-Maximum":"99",
			"Categories":"utilities",
			"Plugins":"Python",
			"Python-Version":"3",
			"Translation-Catalogues":"lang"
		}
	},
	{
		"repository":"SPSSINC_RANFOR",
		"description":"Estimate random forest",
		"pushed_at":"2016-02-02T22:48:26Z",
		"type":"Extension",
		"provider":"IBM",
		"software":"SPSS Statistics",
		"language":"R",
		"category":"Analysis",
		"promotion":"No",
		"download_link":"https://github.com/IBMPredictiveAnalytics/SPSSINC_RANFOR/releases/download/1.1.5/SPSSINC_RANFOR.spe",
		"image_link":"https://raw.githubusercontent.com/IBMPredictiveAnalytics/SPSSINC_RANFOR/master/default.png",
		"extension_detail_info": {
			"Name":"SPSSINC RANFOR",
			"Dialog-Specs":"SPSSINC_RANFOR.spd",
			"Command-Specs":"SPSSINC_RANFOR.xml",
			"Code-Files":"SPSSINC_RANFOR.R",
			"Misc-Files":"extsyntax.css,markdown.html,IBMdialogicon.png",
			"Summary":"Estimate random forest",
			"Description":"This procedure builds random forests of classification or regression trees.  It also supports unsupervised mode, in which case proximities are calculated.  The companion procedure SPSSINC RANPRED calculates predictions for new data using the forest built by this procedure.  Note: this version is a major rewrite of the older SPSSINC RANFOR procedure and  no longer requires the Python plugin.",
			"Author":"JKP, IBM SPSS",
			"Version":"1.1.5",
			"Product-Version":"18",
			"Date":"4/15/2013",
			"Categories":"spss randomforest r",
			"Plugins":"R",
			"R-Packages":"randomForest",
			"Translation-Catalogues":"lang",
			"Product-Version-Maximum":"99"
		}
	},
	{
		"repository":"SPSSINC_RANPRED",
		"description":"Compute predicted values for new data using forests from SPSS",
		"pushed_at":"2016-02-02T22:51:10Z",
		"type":"Extension",
		"provider":"IBM",
		"software":"SPSS Statistics",
		"language":"R",
		"category":"Analysis",
		"promotion":"No",
		"download_link":"https://github.com/IBMPredictiveAnalytics/SPSSINC_RANPRED/releases/download/1.1.4/SPSSINC_RANPRED.spe",
		"image_link":"https://raw.githubusercontent.com/IBMPredictiveAnalytics/SPSSINC_RANPRED/master/default.png",
		"extension_detail_info": {
			"Name":"SPSSINC RANPRED",
			"Dialog-Specs":"SPSSINC_RANPRED.spd",
			"Command-Specs":"SPSSINC_RANPRED.xml",
			"Code-Files":"SPSSINC_RANPRED.R",
			"Misc-Files":"markdown.html,extsyntax.css,IBMdialogicon.png",
			"Summary":"Compute predicted values for new data using forests from SPSSINC RANFOR",
			"Description":"This procedure uses a forest produced by the SPSSINC RANFOR extension command to compute predicted values for new data.  It is a complete rewrite of the older extension command and no longer requires the Python plugin.",
			"Author":"JKP, IBM SPSS",
			"Version":"1.1.4",
			"Product-Version":"18",
			"Categories":"spss randomforest r",
			"Plugins":"R",
			"R-Packages":"randomForest",
			"Translation-Catalogues":"lang",
			"Product-Version-Maximum":"99"
		}
	},
	{
		"repository":"SPSSINC_RASCH",
		"description":"Estimate a Rasch model for item response data.",
		"pushed_at":"2016-02-02T22:53:52Z",
		"type":"Extension",
		"provider":"IBM",
		"software":"SPSS Statistics",
		"language":"R",
		"category":"Analysis",
		"promotion":"No",
		"download_link":"https://github.com/IBMPredictiveAnalytics/SPSSINC_RASCH/releases/download/1.4.6/SPSSINC_RASCH.spe",
		"image_link":"https://raw.githubusercontent.com/IBMPredictiveAnalytics/SPSSINC_RASCH/master/default.png",
		"extension_detail_info": {
			"Name":"SPSSINC RASCH",
			"Dialog-Specs":"SPSSINC_RASCH.spd",
			"Command-Specs":"SPSSINC_RASCH.xml",
			"Code-Files":"SPSSINC_RASCH.R",
			"Misc-Files":"markdown.html,extsyntax.css,IBMdialogicon.png",
			"Summary":"Estimate a Rasch model for item response data.",
			"Description":"This procedure estimates the parameters of the Rasch model for item response data, using the rasch function from the R ltm package.",
			"Author":"IBM SPSS",
			"Version":"1.4.6",
			"Product-Version":"18",
			"Date":"1/2/2014",
			"Links":"http://wiki.r-project.org/rwiki/doku.php?id=packages:cran:ltm",
			"Categories":"Extension Commands, R, Statistics",
			"Plugins":"R",
			"R-Packages":"ltm",
			"Translation-Catalogues":"lang",
			"Product-Version-Maximum":"99"
		}
	},
	{
		"repository":"SPSSINC_ROBUST_REGR",
		"description":"Estimate a linear regression model by robust regression, using an M estimator",
		"pushed_at":"2016-02-02T22:57:25Z",
		"type":"Extension",
		"provider":"IBM",
		"software":"SPSS Statistics",
		"language":"R",
		"category":"Analysis",
		"promotion":"No",
		"download_link":"https://github.com/IBMPredictiveAnalytics/SPSSINC_ROBUST_REGR/releases/download/1.2.6/SPSSINC_ROBUST_REGR.spe",
		"image_link":"https://raw.githubusercontent.com/IBMPredictiveAnalytics/SPSSINC_ROBUST_REGR/master/default.png",
		"extension_detail_info": {
			"Name":"SPSSINC ROBUST REGR",
			"Dialog-Specs":"SPSSINC_ROBUST_REGR.spd",
			"Command-Specs":"SPSSINC_ROBUST_REGR.xml",
			"Code-Files":"SPSSINC_ROBUST_REGR.R",
			"Misc-Files":"markdown.html,extsyntax.css,IBMdialogicon.png",
			"Summary":"Estimate a linear regression model by robust regression, using an M estimator.",
			"Description":"This procedure estimates a linear regression model, robustly, using an M estimator. It uses the rlm function from the R MASS package. The procedure allows you to save both the residuals from the regression and the estimated coefficients.",
			"Author":"IBM SPSS",
			"Version":"1.2.6",
			"Product-Version":"18",
			"Date":"1/2/2014",
			"Links":"http://www.stats.ox.ac.uk/pub/MASS4/",
			"Categories":"Extension Commands, R, Statistics",
			"Plugins":"R",
			"R-Packages":"MASS",
			"Translation-Catalogues":"lang",
			"Product-Version-Maximum":"99"
		}
	},
	{
		"repository":"SPSSINC_SELECT_VARIABLES",
		"description":"Define a macro listing variables selected according to variable dictionary properties",
		"pushed_at":"2020-06-17T08:16:15Z",
		"type":"Extension",
		"provider":"IBM",
		"software":"SPSS Statistics",
		"language":"Python 3",
		"category":"Data Manipulation",
		"promotion":"No",
		"download_link":"https://github.com/IBMPredictiveAnalytics/SPSSINC_SELECT_VARIABLES/releases/download/2.0.0/SPSSINC_SELECT_VARIABLES.spe",
		"image_link":"https://raw.githubusercontent.com/IBMPredictiveAnalytics/SPSSINC_SELECT_VARIABLES/master/default.png",
		"extension_detail_info": {
			"Name":"SPSSINC SELECT VARIABLES",
			"Dialog-Specs":"SPSSINC_SELECT_VARIABLES.spd",
			"Command-Specs":"SPSSINC_SELECT_VARIABLES.xml",
			"Code-Files":"SPSSINC_SELECT_VARIABLES.py",
			"Misc-Files":"extsyntax.css,IBMdialogicon.png,markdown.html",
			"Summary":"Define a macro listing variables selected according to variable dictionary properties",
			"Description":"This package provides a way to select variables based on a combination of criteria.  The criteria can include names, patterns in the names, variable type, measurement level, role, and custom attributes.  Using this method, jobs can be generalized so that they do not require hard-wired variable names.",
			"Author":"JKP, IBM SPSS",
			"Version":"2.0.0",
			"Product-Version":"24",
			"Date":"5/4/2012",
			"Product-Version-Maximum":"99",
			"Plugins":"Python",
			"Python-Version":"3",
			"Translation-Catalogues":"lang"
		}
	},
	{
		"repository":"SPSSINC_BREUSCH_PAGAN",
		"description":"Estimate a linear model and perform a heteroscedasticity test.",
		"pushed_at":"2016-02-02T21:31:35Z",
		"type":"Extension",
		"provider":"IBM",
		"software":"SPSS Statistics",
		"language":"R",
		"category":"Analysis",
		"promotion":"No",
		"download_link":"https://github.com/IBMPredictiveAnalytics/SPSSINC_BREUSCH_PAGAN/releases/download/1.4.6/SPSSINC_BREUSCH_PAGAN.spe",
		"image_link":"https://raw.githubusercontent.com/IBMPredictiveAnalytics/SPSSINC_BREUSCH_PAGAN/master/default.png",
		"extension_detail_info": {
			"Name":"SPSSINC BREUSCH PAGAN",
			"Dialog-Specs":"SPSSINC_BREUSCH_PAGAN.spd",
			"Command-Specs":"SPSSINC_BREUSCH_PAGAN.xml",
			"Code-Files":"SPSSINC_BREUSCH_PAGAN.R",
			"Misc-Files":"markdown.html,extsyntax.css,IBMdialogicon.png",
			"Summary":"Estimate a linear model and perform a heteroscedasticity test.",
			"Description":"This procedure estimates a linear model and performs the Breusch-Pagan heteroscedasticity test, using the ncv.test function from the R car package. The null hypothesis is constant error variance. You can specify whether the alternative is that the variance is a function of the dependent variable or a function of a specified set of predictors. The procedure allows you to save both the residuals from the regression and the estimated coefficients.",
			"Author":"IBM SPSS",
			"Version":"1.4.6",
			"Product-Version":"18",
			"Date":"1/2/2014",
			"Links":"http://www.r-project.org, http://socserv.socsci.mcmaster.ca/jfox/",
			"Categories":"Extension Commands, R, Statistics",
			"Plugins":"R",
			"R-Packages":"car",
			"Translation-Catalogues":"lang",
			"Product-Version-Maximum":"99"
		}
	},
	{
		"repository":"SPSSINC_SPLIT_DATASET",
		"description":"Split a dataset into separate files according to splitting va",
		"pushed_at":"2020-06-17T08:21:06Z",
		"type":"Extension",
		"provider":"IBM",
		"software":"SPSS Statistics",
		"language":"Python 3",
		"category":"Data Manipulation",
		"promotion":"No",
		"download_link":"https://github.com/IBMPredictiveAnalytics/SPSSINC_SPLIT_DATASET/releases/download/2.0.0/SPSSINC_SPLIT_DATASET.spe",
		"image_link":"https://raw.githubusercontent.com/IBMPredictiveAnalytics/SPSSINC_SPLIT_DATASET/master/default.png",
		"extension_detail_info": {
			"Name":"SPSSINC SPLIT DATASET",
			"Dialog-Specs":"SPSSINC_SPLIT_DATASET.spd",
			"Command-Specs":"SPSSINC_SPLIT_DATASET.xml",
			"Code-Files":"SPSSINC_SPLIT_DATASET.py",
			"Misc-Files":"extsyntax.css,IBMdialogicon.png,markdown.html",
			"Summary":"Split a dataset into separate files according to splitting variables",
			"Description":"This procedure partitions a dataset into a set of sav files according to the values of one or more splitting variables.  Used with SPSSINC PROCESS FILES, it provides a generalization of the built-in SPLIT FILES mechanism.",
			"Author":"JKP, IBM SPSS",
			"Version":"2.0.0",
			"Product-Version":"24",
			"Date":"1/2/2014",
			"Product-Version-Maximum":"99",
			"Plugins":"Python",
			"Python-Version":"3",
			"Translation-Catalogues":"lang"
		}
	},
	{
		"repository":"SPSSINC_SUMMARY_TTEST",
		"description":"Calculate a t test from the N's, means, and standard deviations rather than the case data",
		"pushed_at":"2020-06-17T08:25:08Z",
		"type":"Extension",
		"provider":"IBM",
		"software":"SPSS Statistics",
		"language":"Python 3",
		"category":"Utility",
		"promotion":"No",
		"download_link":"https://github.com/IBMPredictiveAnalytics/SPSSINC_SUMMARY_TTEST/releases/download/2.0.0/SPSSINC_SUMMARY_TTEST.spe",
		"image_link":"https://raw.githubusercontent.com/IBMPredictiveAnalytics/SPSSINC_SUMMARY_TTEST/master/default.png",
		"extension_detail_info": {
			"Name":"SPSSINC SUMMARY TTEST",
			"Dialog-Specs":"SPSSINC_SUMMARY_TTEST.spd",
			"Command-Specs":"SPSSINC_SUMMARY_TTEST.xml",
			"Code-Files":"SPSSINC_SUMMARY_TTEST.py",
			"Misc-Files":"extsyntax.css,IBMdialogicon.png,markdown.html",
			"Summary":"Calculate a t test from sample summary information",
			"Description":"This procedure calculates a t test from just the summary information of the two samples: means, standard deviations, and case counts.",
			"Author":"JKP, IBM SPSS",
			"Version":"2.0.0",
			"Product-Version":"24",
			"Product-Version-Maximum":"99",
			"Plugins":"Python",
			"Python-Version":"3",
			"Translation-Catalogues":"lang"
		}
	},
	{
		"repository":"SPSSINC_TOBIT_REGR",
		"description":"Estimate a regression model whose dependent variable has a fi",
		"pushed_at":"2016-02-03T15:47:44Z",
		"type":"Extension",
		"provider":"IBM",
		"software":"SPSS Statistics",
		"language":"R",
		"category":"Analysis",
		"promotion":"No",
		"download_link":"https://github.com/IBMPredictiveAnalytics/SPSSINC_TOBIT_REGR/releases/download/1.2.7/SPSSINC_TOBIT_REGR.spe",
		"image_link":"https://raw.githubusercontent.com/IBMPredictiveAnalytics/SPSSINC_TOBIT_REGR/master/default.png",
		"extension_detail_info": {
			"Name":"SPSSINC TOBIT REGR",
			"Dialog-Specs":"SPSSINC_TOBIT_REGR.spd",
			"Command-Specs":"SPSSINC_TOBIT_REGR.xml",
			"Code-Files":"SPSSINC_TOBIT_REGR.R",
			"Misc-Files":"markdown.html,extsyntax.css,IBMdialogicon.png",
			"Summary":"Estimate a regression model whose dependent variable has a fixed lower bound, upper bound, or both.",
			"Description":"This procedure estimates a regression model where the dependent variable has a fixed lower bound, upper bound, or both. It can be thought of as a combination of a probit model with a linear regression model. You can specify the distribution assumed for the dependent variable, and you can save the residuals from the regression as well as the estimated coefficients. The procedure uses the tobit function from the R AER package.",
			"Author":"IBM SPSS",
			"Version":"1.2.7",
			"Product-Version":"18",
			"Date":"1/2/2014",
			"Categories":"Extension Commands, R, Statistics",
			"Plugins":"R",
			"R-Packages":"AER,lmtest",
			"Translation-Catalogues":"lang",
			"Product-Version-Maximum":"99"
		}
	},
	{
		"repository":"SPSSINC_TRANS",
		"description":"Apply a Python function to case data.",
		"pushed_at":"2020-10-21T06:27:03Z",
		"type":"Extension",
		"provider":"IBM",
		"software":"SPSS Statistics",
		"language":"Python 3",
		"category":"Data Manipulation",
		"promotion":"No",
		"download_link":"https://github.com/IBMPredictiveAnalytics/SPSSINC_TRANS/releases/download/2.0.1/SPSSINC_TRANS.spe",
		"image_link":"https://raw.githubusercontent.com/IBMPredictiveAnalytics/SPSSINC_TRANS/master/default.png",
		"extension_detail_info": {
			"Name":"SPSSINC TRANS",
			"Dialog-Specs":"SPSSINC_TRANS.spd",
			"Command-Specs":"SPSSINC_TRANS.xml",
			"Code-Files":"SPSSINC_TRANS.py",
			"Misc-Files":"extsyntax.css,IBMdialogicon.png,markdown.html",
			"Summary":"Apply a Python function to case data.",
			"Description":"This procedure applies a Python function to the cases in the active dataset and saves the results to one or more new or existing variables. This allows you to apply Python functions to your case data, much like you do with built-in functions such as those available with the COMPUTE command.",
			"Author":"JKP, IBM SPSS",
			"Version":"2.0.1",
			"Product-Version":"24",
			"Date":"1/2/2014",
			"Product-Version-Maximum":"99",
			"Categories":"Extension Commands, Python",
			"Plugins":"Python",
			"Python-Version":"3",
			"Translation-Catalogues":"lang"
		}
	},
	{
		"repository":"SPSSINC_TRANSLATE_OUTPUT",
		"description":"Framework for translating Viewer output",
		"pushed_at":"2020-06-17T02:32:39Z",
		"type":"Extension",
		"provider":"IBM",
		"software":"SPSS Statistics",
		"language":"Python 3",
		"category":"Utility",
		"promotion":"No",
		"download_link":"https://github.com/IBMPredictiveAnalytics/SPSSINC_TRANSLATE_OUTPUT/releases/download/2.0.2/SPSSINC_TRANSLATE_OUTPUT.spe",
		"image_link":"https://raw.githubusercontent.com/IBMPredictiveAnalytics/SPSSINC_TRANSLATE_OUTPUT/master/default.png",
		"extension_detail_info": {
			"Name":"SPSSINC TRANSLATE OUTPUT",
			"Command-Specs":"SPSSINC_TRANSLATE_OUTPUT.xml",
			"Code-Files":"translator.PY,SPSSINC_TRANSLATE_OUTPUT.PY",
			"Misc-Files":"extsyntax.css,IBMdialogicon.png,translator.pdf,markdown.html",
			"Summary":"Framework for translating Viewer output",
			"Description":"This package provides a mechanism for translating Viewer output based on a set of supplementary files containing translations.  See the included file translator.doc for instructions.",
			"Author":"JKP, IBM SPSS",
			"Version":"2.0.2",
			"Product-Version":"24",
			"Product-Version-Maximum":"99",
			"Plugins":"Python",
			"Python-Version":"3"
		}
	},
	{
		"repository":"STATS_ADJUST_WIDTHS",
		"description":"Adjust widths of string variables across files",
		"pushed_at":"2020-06-17T08:09:40Z",
		"type":"Extension",
		"provider":"IBM",
		"software":"SPSS Statistics",
		"language":"Python 3",
		"category":"Data Manipulation",
		"promotion":"No",
		"download_link":"https://github.com/IBMPredictiveAnalytics/STATS_ADJUST_WIDTHS/releases/download/2.0.0/STATS_ADJUST_WIDTHS.spe",
		"image_link":"https://raw.githubusercontent.com/IBMPredictiveAnalytics/STATS_ADJUST_WIDTHS/master/default.png",
		"extension_detail_info": {
			"Name":"STATS ADJUST WIDTHS",
			"Dialog-Specs":"STATS_ADJUST_WIDTHS.spd",
			"Command-Specs":"STATS_ADJUST_WIDTHS.xml",
			"Code-Files":"STATS_ADJUST_WIDTHS.py",
			"Misc-Files":"extsyntax.css,IBMdialogicon.png,markdown.html",
			"Summary":"Adjust widths of string variables across files",
			"Description":"This command synchronizes the widths of selected string variables across a set of files or datasets. This is mainly useful when combining files with MATCH  or ADD.",
			"Author":"JKP, IBM",
			"Version":"2.0.0",
			"Product-Version":"24",
			"Date":"1/28/2013",
			"Categories":"utility",
			"Plugins":"Python",
			"Python-Version":"3",
			"Translation-Catalogues":"lang"
		}
	},
	{
		"repository":"STATS_BAGPLOT",
		"description":"Create a bagplot or a matrix of bagplots",
		"pushed_at":"2016-02-03T16:30:13Z",
		"type":"Extension",
		"provider":"IBM",
		"software":"SPSS Statistics",
		"language":"R",
		"category":"Visualization",
		"promotion":"No",
		"download_link":"https://github.com/IBMPredictiveAnalytics/STATS_BAGPLOT/releases/download/1.0.4/STATS_BAGPLOT.spe",
		"image_link":"https://raw.githubusercontent.com/IBMPredictiveAnalytics/STATS_BAGPLOT/master/default.png",
		"extension_detail_info": {
			"Name":"STATS BAGPLOT",
			"Dialog-Specs":"STATS_BAGPLOT.spd",
			"Command-Specs":"STATS_BAGPLOT.xml",
			"Code-Files":"STATS_BAGPLOT.R",
			"Misc-Files":"markdown.html,extsyntax.css,IBMdialogicon.png",
			"Summary":"Create a bagplot or a matrix of bagplots",
			"Description":"This procedure creates bagplots.  A bagplot is a two-dimensional generalization of a boxplot.  With more than two variables, a matrix of bagplots is created.",
			"Author":"JKP, IBM SPSS",
			"Version":"1.0.4",
			"Product-Version":"18",
			"Date":"4/26/14",
			"Categories":"graphics, bagplot",
			"Plugins":"R",
			"R-Packages":"aplpack",
			"Translation-Catalogues":"lang",
			"Product-Version-Maximum":"99"
		}
	},
	{
		"repository":"STATS_BENCHMRK",
		"description":"Benchmark Statistics Jobs",
		"pushed_at":"2020-06-17T02:34:56Z",
		"type":"Extension",
		"provider":"IBM",
		"software":"SPSS Statistics",
		"language":"Python 3",
		"category":"Utility",
		"promotion":"No",
		"download_link":"https://github.com/IBMPredictiveAnalytics/STATS_BENCHMRK/releases/download/2.0.2/STATS_BENCHMRK.spe",
		"image_link":"https://raw.githubusercontent.com/IBMPredictiveAnalytics/STATS_BENCHMRK/master/default.png",
		"extension_detail_info": {
			"Name":"STATS BENCHMRK",
			"Dialog-Specs":"STATS_BENCHMRK.spd",
			"Command-Specs":"STATS_BENCHMRK.xml",
			"Code-Files":"STATS_BENCHMRK.py",
			"Misc-Files":"extsyntax.css,IBMdialogicon.png,markdown.html",
			"Summary":"Benchmark Statistics Jobs",
			"Description":"This command runs one or two syntax files repeatedly and records various statistics on time, memory, and i/o resource usage by the computer processes associated with Statistics.  It requires the Python Extensions for Windows.",
			"Author":"JKP, IBM SPSS",
			"Version":"2.0.2",
			"Product-Version":"24",
			"Date":"Jan-2012",
			"Product-Version-Maximum":"99",
			"Plugins":"Python",
			"Python-Version":"3",
			"Links":"http://sourceforge.net/projects/pywin32"
		}
	},
	{
		"repository":"STATS_CANCORR",
		"description":"Calculate canonical correlations",
		"pushed_at":"2020-06-17T08:10:54Z",
		"type":"Extension",
		"provider":"IBM",
		"software":"SPSS Statistics",
		"language":"Python 3",
		"category":"Analysis",
		"promotion":"No",
		"download_link":"https://github.com/IBMPredictiveAnalytics/STATS_CANCORR/releases/download/2.0.0/STATS_CANCORR.spe",
		"image_link":"https://raw.githubusercontent.com/IBMPredictiveAnalytics/STATS_CANCORR/master/default.png",
		"extension_detail_info": {
			"Name":"STATS CANCORR",
			"Dialog-Specs":"STATS_CANCORR.spd",
			"Command-Specs":"STATS_CANCORR.xml",
			"Code-Files":"STATS_CANCORR.py",
			"Misc-Files":"extsyntax.css,IBMdialogicon.png,markdown.html",
			"Summary":"Calculate canonical correlations",
			"Description":"This procedures computes canonical correlations for two sets of variables.  It can create scores, and it can produce a syntax file that can be used to score other datasets with the same variable names.",
			"Author":"JKP, IBM SPSS",
			"Version":"2.0.0",
			"Product-Version":"24",
			"Date":"6/10/2013",
			"Plugins":"Python",
			"Python-Version":"3",
			"Translation-Catalogues":"lang"
		}
	}
]
}