{
	"license_index": [
		{
			"license_file_name": "license1.txt",
			"repository_names":["SPSSINC_CENSOR_TABLES","SPSSINC_COMPARE_DATASETS","SPSSINC_CREATE_DUMMIES","SPSSINC_GETURI_DATA","SPSSINC_MERGE_TABLES","SPSSINC_MODIFY_TABLES","SPSSINC_PROCESS_FILES","SPSSINC_MODIFY_OUTPUT","SPSSINC_PROCESS_FILES_SEARCH","SPSSINC_PROGRAM","SPSSINC_QQPLOT2","SPSSINC_RAKE","SPSSINC_SELECT_VARIABLES","SPSSINC_SPLIT_DATASET","SPSSINC_SUMMARY_TTEST","SPSSINC_TRANSLATE_OUTPUT","STATS_ADJUST_WIDTHS","STATS_BENCHMRK","STATS_CANCORR","STATS_CARTPROD","STATS_CATEGORY_ORDER","STATS_CLUS_SIL","STATS_DATA_DATE","STATS_DATASET","STATS_DISTFIT","STATS_FIND_FILE","STATS_GET_R","STATS_GET_TRIPLES","STATS_IF","STATS_KERNEL_DENSITY","STATS_LOESS","STATS_MCSET_CONVERT","STATS_OPEN_PROJECT","STATS_OPTBINEX","STATS_OUTPUT_ATTRS","STATS_PADJUST","STATS_PMML_DISPLAY","STATS_RDD","STATS_REGRESS_PLOT","STATS_SOUND","STATS_STRUC_CHANGE","STATS_SUBGROUP_PLOTS","STATS_TABLE_CALC","STATS_VALLBLS_FROMDATA","STATS_WEIBULL_PLOT","TEXT","CFA","ColPropTest","CWD","FormatCorrelations","FUZZY","generalopen","LSMON","PROPOR","STATS_QUOTE_SQLTEXT","RegBestSubsets","RegBoxCoxTransforms","RegCompResPlots","SETSMACRO","SimulateActiveDataset","SPSSINC_RECODEEX","SPSSINC_ANON","SPSSINC_TURF","STATS_FLEISS_KAPPA","STATS_WEIGHTED_KAPPA","Rboxplot","STATS_GETSET_DATASET","STATS_POPULATION_DESCRIPTIVES","STATS_QUADE_ANCOVA","STATS_ROC_COMPARE_INDEPENDENT","Benfords_Law_Analysis","Descriptive_Statistics_Example","STATS_CORRELATIONS","STATS_SPLINES","Naive_Bayes_Classifier","Select_Predictors","STATS_CONVERT_PYTHON","STATS_RESIDUAL_BOXPLOTS","STATS_NTILE_ANALYSIS","STATS_PACKAGE_INSTALL","Fluctuation_Plot","STATS_POWERSIM","STATS_POWERCHISQUARE","STATS_LINEAR_ELASTIC_NET_REGRESSION","STATS_MAKE_CATALOG","SPSSINC_PROCESS_FILESORIG"]
		},
		{
			"license_file_name": "license2.txt",
			"repository_names":["SPSSINC_HETCOR","SPSSINC_MFP_GLM","SPSSINC_QUANTREG","SPSSINC_RANFOR","SPSSINC_RANPRED","SPSSINC_RASCH","SPSSINC_ROBUST_REGR","SPSSINC_BREUSCH_PAGAN","SPSSINC_TOBIT_REGR","STATS_BAGPLOT","STATS_COMPRISK","STATS_COXREGR","STATS_DBPRED","STATS_DBSCAN","STATS_DISAGG","STATS_EQNSYSTEM","STATS_FIRTHLOG","STATS_GARCH","STATS_GBM","STATS_GBMPRED","STATS_GRM","STATS_HECKMAN_REGR","STATS_INEQUALITY","STATS_IRM","STATS_LATENT_CLASS","STATS_OPTIMAL_DESIGNMC","STATS_PROPOR_REGR","STATS_PROPOR_REGRPRED","STATS_SURVREG","STATS_SVM","RRegDiagGraph","RRegDiagTest","SPSSINC_APRIORI","STATS_EXRASCH","STATS_C50_TREE","STATS_NONPAR_REGR","Traveling_Salesperson_Problem","STATS_GAM"]
		},
		{
			"license_file_name": "license3.txt",
			"repository_names":["SPSSINC_TRANS","STATS_PSM","STATS_PREPROCESS","STATS_MAKE_CASES","STATS_IMBALANCED","STATS_UPDATE"]
		},
		{
			"license_file_name": "license4.txt",
			"repository_names":["STATS_LP","STATS_RELIMP","STATS_TSTESTS","STATS_ZEROINFL","RRegRidge","STATS_BAYES_ANOVA","STATS_BAYES_CROSSTABS","STATS_BAYES_REGR","STATS_BAYES_TTEST","STATS_R33_CONFIGURATION","STATS_R36_CONFIGURATION"]
		},
		{
			"license_file_name": "license5.txt",
			"repository_names":["PLS","krr"]
		},
		{
			"license_file_name": "license6.txt",
			"repository_names":["RBoxplotFamily"]
		},
		{
			"license_file_name": "license7.txt",
			"repository_names":["RMosaicAndAssociationPlots"]
		},
		{
			"license_file_name": "license8.txt",
			"repository_names":["DataDotWorld_Export_SPSS_Stats","DataDotWorld_Import_SPSS_Stats"]
		},
		{
			"license_file_name": "license9.txt",
			"repository_names":["STATS_TEXTANALYSIS"]
		},
		{
			"license_file_name": "license10.txt",
			"repository_names":["STATS_LINEAR_RIDGE_REGRESSION","STATS_LINEAR_LASSO_REGRESSION"]
		},
		{
			"license_file_name": "license11.txt",
			"repository_names":["STATS_EXTENSION_REPORT"]
		},
		{
			"license_file_name": "license12.txt",
			"repository_names":["STATS_NORMALITY_ANALYSIS"]
		},
		{
			"license_file_name": "license13.txt",
			"repository_names":["STATS_CITREE","STATS_EARTH"]
		}
	]
}