{
"extension_index":[
	{
		"repository":"test_Modeler_multiColorPlot",
		"description":"This repository is used to test modeler extension on Github",
		"pushed_at":"2015-12-02T08:17:02Z",
		"type":"Extension",
		"provider":"IBM",
		"software":"SPSS Modeler",
		"language":"Python 2",
		"category":"Visualization",
		"promotion":"No",
		"download_link":"https://github.com/IBMPredictiveAnalytics/test_Modeler_multiColorPlot/raw/master/test_Modeler_multiColorPlot.mpe",
		"image_link":"https://raw.githubusercontent.com/IBMPredictiveAnalytics/test_Modeler_multiColorPlot/master/default.png",
		"extension_detail_info": {
			"Name":"test_Modeler_multiColorPlot",
			"Dialog-Specs":"MultiColorsPlot.cfe",
			"Misc-Files":"MultiColorsPlot.cfe",
			"Summary":"multi color plot",
			"Description":"multi color plot",
			"Author":"mikezhang",
			"Version":"1.0.1",
			"Product-Version":"18",
			"Categories":"utilities",
			"Plugins":"R",
			"Translation-Catalogues":"lang"
		}
	},
	{
		"repository":"test_Modeler_Plot_Geospatial_Data",
		"description":"",
		"pushed_at":"2015-12-07T02:59:19Z",
		"type":"Extension",
		"provider":"IBM",
		"software":"SPSS Modeler",
		"language":"R",
		"category":"Geospatial",
		"promotion":"No",
		"download_link":"https://github.com/IBMPredictiveAnalytics/test_Modeler_Plot_Geospatial_Data/raw/master/test_Modeler_Plot_Geospatial_Data.mpe",
		"image_link":"https://raw.githubusercontent.com/IBMPredictiveAnalytics/test_Modeler_Plot_Geospatial_Data/master/default.png",
		"extension_detail_info": {
			"Name":"test_Modeler_Plot_Geospatial_Data",
			"Dialog-Specs":"plotSpatialData.cfe,googleMaps.cfe",
			"Misc-Files":"LICENSE,GeospatialExample.str,CrimeData.csv,PlotSpatialData-SPSSModelerExtension.pdf",
			"Summary":"Plot data containing Latitude and Longitude on an interactive map.",
			"Description":"With this output node you can to plot data containing latitude and longitude on an interactive map. You can use the same color for all points or use a legend column to specify a color code. This legend may be categorical or continuous. Several color palettes are available (sequential, divergent, qualitative or monochrome) covering all possible use of the node. More precisely, this node generates an HTML file which can be saved to a specific directory and/or opened in the default browser on execution. This html page is an interactive map, that is to say you can move, zoom in and out, etc.",
			"Author":"IBM SPSS",
			"Version":"1.0.0",
			"Product-Version":"18",
			"Date":"12/6/2015",
			"Plugins":"R"
		}
	},
	{
		"repository":"test_Modeler_MLlib_CF",
		"description":"",
		"pushed_at":"2015-12-07T03:01:15Z",
		"type":"Extension",
		"provider":"IBM",
		"software":"SPSS Modeler",
		"language":"Python 3",
		"category":"Analysis",
		"promotion":"No",
		"download_link":"https://github.com/IBMPredictiveAnalytics/test_Modeler_MLlib_CF/raw/master/test_Modeler_MLlib_CF.mpe",
		"image_link":"https://raw.githubusercontent.com/IBMPredictiveAnalytics/test_Modeler_MLlib_CF/master/default.png",
		"extension_detail_info": {
			"Name":"test_Modeler_MLlib_CF",
			"Dialog-Specs":"MLlibCF.cfe",
			"Code-Files":"script.py",
			"Misc-Files":"LICENSE,MLlibCF.cfd,movie_titles.csv,CF_Test.csv,pyspark_cf.str,CF_Train.csv",
			"Summary":"Spark MLLib Collaborative filtering commonly used for recommender systems. ",
			"Author":"IBM SPSS",
			"Version":"1.0.0",
			"Product-Version":"18",
			"Date":"12/6/2015"
		}
	}
]
}