{
"extension_index":[
	{
		"repository":"test_Modeler_multiColorPlot",
		"description":"This repository is used to test modeler extension on Github",
		"pushed_at":"2015-11-12T16:08:03Z",
		"type":"Extension",
		"provider":"IBM",
		"software":"SPSS Modeler",
		"language":"Python 2",
		"category":"Visualization",
		"promotion":"No",
		"download_link":"https://github.com/IBMPredictiveAnalytics/test_Modeler_multiColorPlot/raw/master/test_Modeler_multiColorPlot.mpe",
		"image_link":"https://raw.githubusercontent.com/IBMPredictiveAnalytics/test_Modeler_multiColorPlot/master/default.png",
		"extension_detail_info": {
			"Name": "test_Modeler_multiColorPlot",
			"Dialog-Specs": "MultiColorsPlot.cfe",
			"Misc-Files": "MultiColorsPlot.cfe",
			"Summary": "multi color plot",
			"Description": "multi color plot",
			"Author": "mikezhang",
			"Version": "1.0.1",
			"Product-Version": "18",
			"Categories": "utilities",
			"Plugins": "R",
			"Translation-Catalogues": "lang"
		}
	}
]
}