{
"extension_index":[
	{
		"repository":"test_Modeler_multiColorPlot",
		"description":"This repository is used to test modeler extension on Github",
		"pushed_at":"2015-12-02T08:17:02Z",
		"type":"Extension",
		"provider":"IBM",
		"software":"SPSS Modeler",
		"language":"Python 2",
		"category":"Visualization",
		"promotion":"No",
		"download_link":"https://github.com/IBMPredictiveAnalytics/test_Modeler_multiColorPlot/raw/master/test_Modeler_multiColorPlot.mpe",
		"image_link":"https://raw.githubusercontent.com/IBMPredictiveAnalytics/test_Modeler_multiColorPlot/master/default.png",
		"extension_detail_info": {
			"Name":"test_Modeler_multiColorPlot",
			"Dialog-Specs":"MultiColorsPlot.cfe",
			"Misc-Files":"MultiColorsPlot.cfe",
			"Summary":"multi color plot",
			"Description":"multi color plot",
			"Author":"mikezhang",
			"Version":"1.0.1",
			"Product-Version":"18",
			"Categories":"utilities",
			"Plugins":"R",
			"Translation-Catalogues":"lang"
		}
	},
	{
		"repository":"test_Modeler_Plot_Geospatial_Data",
		"description":"Plot data containing Latitude and Longitude on an interactive map.",
		"pushed_at":"2015-12-14T03:23:57Z",
		"type":"Extension",
		"provider":"IBM",
		"software":"SPSS Modeler",
		"language":"R",
		"category":"Geospatial",
		"promotion":"No",
		"download_link":"https://github.com/IBMPredictiveAnalytics/test_Modeler_Plot_Geospatial_Data/raw/master/test_Modeler_Plot_Geospatial_Data.mpe",
		"image_link":"https://raw.githubusercontent.com/IBMPredictiveAnalytics/test_Modeler_Plot_Geospatial_Data/master/default.png",
		"extension_detail_info": {
			"Name":"test_Modeler_Plot_Geospatial_Data",
			"Dialog-Specs":"googleMaps.cfe",
			"Misc-Files":"maps.gif,Illustration3.png,Illustration7.png,Illustration4.png,Illustration2.png,default.png,PlotSpatialData-SPSSModelerExtension.pdf,CrimeData.csv,LICENSE,Illustration6.png,Illustration1.png,GeospatialExample.str,Illustration5.png",
			"Summary":"Plot data containing Latitude and Longitude on an interactive map. ",
			"Description":"This is a test repo for modeler extension",
			"Author":"IBM SPSS",
			"Version":"1.0.0",
			"Product-Version":"18",
			"Date":"12/14/2015",
			"Plugins":"R"
		}
	},
	{
		"repository":"test_Modeler_MLlib_CF",
		"description":"This is a test repo for modeler extension",
		"pushed_at":"2015-12-14T03:22:17Z",
		"type":"Extension",
		"provider":"IBM",
		"software":"SPSS Modeler",
		"language":"Python 3",
		"category":"Analysis",
		"promotion":"No",
		"download_link":"https://github.com/IBMPredictiveAnalytics/test_Modeler_MLlib_CF/raw/master/test_Modeler_MLlib_CF.mpe",
		"image_link":"https://raw.githubusercontent.com/IBMPredictiveAnalytics/test_Modeler_MLlib_CF/master/default.png",
		"extension_detail_info": {
			"Name":"test_Modeler_MLlib_CF",
			"Dialog-Specs":"MLlibCF.cfe",
			"Code-Files":"script.py",
			"Misc-Files":"LICENSE,Illustration1.png,MLlibCF.cfd,movie_titles.csv,CF_Test.csv,default.png,pyspark_cf.str,CF_Train.csv",
			"Summary":"This is a test repo for modeler extension",
			"Description":"This is a test repo for modeler extension",
			"Author":"IBM SPSS",
			"Version":"1.0.0",
			"Product-Version":"18",
			"Date":"12/14/2015"
		}
	}
]
}