{
"extension_index":[
	{
		"repository":"Plot_Geospatial_Data",
		"description":"Plot data containing Latitude and Longitude on an interactive map.",
		"pushed_at":"2015-12-24T08:37:18Z",
		"type":"Extension",
		"provider":"IBM",
		"software":"SPSS Modeler",
		"language":"R",
		"category":"Geospatial",
		"promotion":"No",
		"download_link":"https://github.com/IBMPredictiveAnalytics/Plot_Geospatial_Data/releases/download/1.0.0/Plot_Geospatial_Data.mpe",
		"image_link":"https://raw.githubusercontent.com/IBMPredictiveAnalytics/Plot_Geospatial_Data/master/default.png",
		"extension_detail_info": {
			"Name":"Plot_Geospatial_Data",
			"Dialog-Specs":"googleMaps.cfe",
			"Misc-Files":"maps.gif,Illustration3.png,Illustration7.png,Illustration4.png,Illustration2.png,default.png,CrimeData.csv,PlotSpatialData-SPSSModelerExtension.pdf,LICENSE,Illustration6.png,Illustration1.png,GeospatialExample.str,Illustration5.png",
			"Summary":"Plot data containing Latitude and Longitude on an interactive map.",
			"Description":"With this output node you can to plot data containing latitude and longitude on an interactive map. You can use the same color for all points or use a legend column to specify a color code. This legend may be categorical or continuous. Several color palettes are available (sequential, divergent, qualitative or monochrome) covering all possible use of the node. More precisely, this node generates an HTML file which can be saved to a specific directory and/or opened in the default browser on execution. This html page is an interactive map, that is to say you can move, zoom in and out, etc.",
			"Author":"IBM SPSS",
			"Version":"1.0.0",
			"Product-Version":"18",
			"Date":"12/15/2015",
			"Plugins":"R"
		}
	},
	{
		"repository":"Model_Random_Forest",
		"description":"Classification and regression based on a forest of trees using random inputs, utilizing conditional inference trees as base learners.",
		"pushed_at":"2015-12-24T08:33:33Z",
		"type":"Extension",
		"provider":"IBM",
		"software":"SPSS Modeler",
		"language":"R",
		"category":"Analysis",
		"promotion":"No",
		"download_link":"https://github.com/IBMPredictiveAnalytics/Model_Random_Forest/releases/download/1.0.0/Model_Random_Forest.mpe",
		"image_link":"https://raw.githubusercontent.com/IBMPredictiveAnalytics/Model_Random_Forest/master/default.png",
		"extension_detail_info": {
			"Name":"Model_Random_Forest",
			"Dialog-Specs":"randomforest.cfe",
			"Code-Files":"ModelRandomForest.R",
			"Misc-Files":"LICENSE,Illustration1.png,Illustration3.png,train.csv,RandomForest_TitanicExample.str,Illustration4.png,Illustration2.png,default.png,RandomForest-SPSSModelerExtension.pdf,test.csv",
			"Summary":"Classification and regression based on a forest of trees using random inputs, utilizing conditional inference trees as base learners.",
			"Description":"Node for classification and regression based on a forest of trees using random inputs, utilizing conditional inference trees as base learners. Simply install the node, choose the target and predictors and specify additional settings",
			"Author":"IBM SPSS",
			"Version":"1.0.0",
			"Product-Version":"18",
			"Date":"12/16/2015",
			"Plugins":"R"
		}
	},
	{
		"repository":"Multicolor_Plot",
		"description":"Plot different intervals of a same curve in various colors.",
		"pushed_at":"2015-12-24T08:36:11Z",
		"type":"Extension",
		"provider":"IBM",
		"software":"SPSS Modeler",
		"language":"R",
		"category":"Visualization",
		"promotion":"No",
		"download_link":"https://github.com/IBMPredictiveAnalytics/Multicolor_Plot/releases/download/1.0.0/Multicolor_Plot.mpe",
		"image_link":"https://raw.githubusercontent.com/IBMPredictiveAnalytics/Multicolor_Plot/master/default.png",
		"extension_detail_info": {
			"Name":"Multicolor_Plot",
			"Dialog-Specs":"MultiColorsPlot.cfe",
			"Misc-Files":"LICENSE,MultiColorPlot-SPSSModelerExtension.pdf,Illustration1.png,MultiColorsPlot_Example.str,Illustration3.png,data.xls,Illustration2.png,default.png",
			"Summary":"Plot different intervals of a same curve in various colors.",
			"Description":"This SPSS Modeler Output node allows you to plot different intervals of a same curve in various colors. Simply install the node, select the coordinate’s fields, select the different intervals you want and choose the visual parameters that suit you best.",
			"Author":"IBM SPSS",
			"Version":"1.0.0",
			"Product-Version":"18",
			"Date":"12/15/2015",
			"Plugins":"R"
		}
	},
	{
		"repository":"Great_Circle_Distance",
		"description":"Compute the shortest distance distance between two points on the surface of the Earth",
		"pushed_at":"2015-12-24T08:32:05Z",
		"type":"Extension",
		"provider":"IBM",
		"software":"SPSS Modeler",
		"language":"R",
		"category":"Geospatial",
		"promotion":"No",
		"download_link":"https://github.com/IBMPredictiveAnalytics/Great_Circle_Distance/releases/download/1.0.0/Great_Circle_Distance.mpe",
		"image_link":"https://raw.githubusercontent.com/IBMPredictiveAnalytics/Great_Circle_Distance/master/default.png",
		"extension_detail_info": {
			"Name":"Great_Circle_Distance",
			"Dialog-Specs":"GreatCircleDistance.cfe",
			"Misc-Files":"LICENSE,Illustration1.png,GreatCircleDistance Example.str,GreatCircleDistance-SPSSModelerExtension.pdf,Illustration2.png,default.png,taxitripdata.csv",
			"Summary":"Compute the shortest distance distance between two points on the surface of the Earth.",
			"Description":"Compute the shortest distance distance between two points on the surface of the Earth.",
			"Author":"IBM SPSS",
			"Version":"1.0.0",
			"Product-Version":"18",
			"Date":"12/15/2015",
			"Plugins":"R"
		}
	},
	{
		"repository":"Plot_Heatmaps",
		"description":"Plot spatial data on a density heatmap in SPSS Modeler",
		"pushed_at":"2015-12-24T08:38:26Z",
		"type":"Extension",
		"provider":"IBM",
		"software":"SPSS Modeler",
		"language":"R",
		"category":"Geospatial",
		"promotion":"No",
		"download_link":"https://github.com/IBMPredictiveAnalytics/Plot_Heatmaps/releases/download/1.0.0/Plot_Heatmaps.mpe",
		"image_link":"https://raw.githubusercontent.com/IBMPredictiveAnalytics/Plot_Heatmaps/master/default.png",
		"extension_detail_info": {
			"Name":"Plot_Heatmaps",
			"Dialog-Specs":"Heatmaps.cfe",
			"Misc-Files":"LICENSE,Illustration1.png,GoogleHeatmaps_ExampleStream.str,PlotHeatmap-SPSSModelerExtension.pdf,Illustration2.png,default.png,crimeDataChicago.csv",
			"Summary":"Plot spatial data on a density heatmap in SPSS Modeler.",
			"Description":"This SPSS Modeler ‘output’ node allows you to plot spatial data on a density heatmap. Simply install the node, select the coordinate’s fields and choose the visual parameters that suit you best. Then start visualizing simply and easily your data directly in IBM SPSS Modeler.",
			"Author":"IBM SPSS",
			"Version":"1.0.0",
			"Product-Version":"18",
			"Date":"12/15/2015",
			"Plugins":"R"
		}
	},
	{
		"repository":"Plot_Bubbles_Map",
		"description":"Plot an interactive Bubble Map",
		"pushed_at":"2015-12-24T08:36:30Z",
		"type":"Extension",
		"provider":"IBM",
		"software":"SPSS Modeler",
		"language":"R",
		"category":"Geospatial",
		"promotion":"No",
		"download_link":"https://github.com/IBMPredictiveAnalytics/Plot_Bubbles_Map/releases/download/1.0.0/Plot_Bubbles_Map.mpe",
		"image_link":"https://raw.githubusercontent.com/IBMPredictiveAnalytics/Plot_Bubbles_Map/master/default.png",
		"extension_detail_info": {
			"Name":"Plot_Bubbles_Map",
			"Dialog-Specs":"bubbleGoogleMaps3.cfe",
			"Misc-Files":"Illustration8.png,Illustration3.png,demo_streamMapBubbles.str,PlotBubbleMaps-SPSSModelerExtension.pdf,Illustration7.png,Illustration4.png,Illustration2.png,default.png,CrimeDataChicago.csv,LICENSE,Illustration6.png,Illustration1.png,Illustration5.png",
			"Summary":"Plot an interactive Bubble Map.",
			"Description":"This IBM SPSS Modeler plots data containing latitude and longitude on an interactive bubble map. You can use the same color for all points or use a legend column to specify a color code. This legend may be categorical or continuous. Several color palettes are available (sequential, divergent, qualitative or monochrome) covering all possible use of the node. More precisely, this node generates an HTML file which can be saved to a specific directory and/or opened in the default browser on execution. This html page is an interactive map, that is to say you can move, zoom in and out, etc. Note that you can obtain longitude and latitude from an address using a Geocoding Node.",
			"Author":"IBM SPSS",
			"Version":"1.0.0",
			"Product-Version":"18",
			"Date":"12/15/2015",
			"Plugins":"R"
		}
	},
	{
		"repository":"Present_Value",
		"description":"Compute the present value of cash-flow by specifying the desired year and annual rate.",
		"pushed_at":"2015-12-24T08:38:59Z",
		"type":"Extension",
		"provider":"IBM",
		"software":"SPSS Modeler",
		"language":"R",
		"category":"Utility",
		"promotion":"No",
		"download_link":"https://github.com/IBMPredictiveAnalytics/Present_Value/releases/download/1.0.0/Present_Value.mpe",
		"image_link":"https://raw.githubusercontent.com/IBMPredictiveAnalytics/Present_Value/master/default.png",
		"extension_detail_info": {
			"Name":"Present_Value",
			"Dialog-Specs":"PresentValue.cfe",
			"Misc-Files":"LICENSE,cashflows.csv,Illustration1.png,PresentValue Example.str,PresentValue-SPSSModelerExtension.pdf,default.png",
			"Summary":"Compute the present value of cash-flow by specifying the desired year and annual rate.",
			"Description":"This node enables you to compute the present value of cash-flow by specifying the desired year and annual rate.",
			"Author":"IBM SPSS",
			"Version":"1.0.0",
			"Product-Version":"18",
			"Date":"12/15/2015",
			"Plugins":"R"
		}
	},
	{
		"repository":"IsHoliday",
		"description":"Enrich your date data with holiday calendars from different countries",
		"pushed_at":"2015-12-24T08:32:21Z",
		"type":"Extension",
		"provider":"IBM",
		"software":"SPSS Modeler",
		"language":"R",
		"category":"Utility",
		"promotion":"No",
		"download_link":"https://github.com/IBMPredictiveAnalytics/IsHoliday/releases/download/1.0.0/IsHoliday.mpe",
		"image_link":"https://raw.githubusercontent.com/IBMPredictiveAnalytics/IsHoliday/master/default.png",
		"extension_detail_info": {
			"Name":"IsHoliday",
			"Dialog-Specs":"isHoliday.cfe",
			"Misc-Files":"LICENSE,Illustration1.png,IsHoliday-SPSSModelerExtension.pdf,dates.csv,Illustration2.png,isHolidayExample.str,default.png",
			"Summary":"Enrich your date data with holiday calendars from different countries.",
			"Description":"Enrich your date data with holiday calendars from different countries.",
			"Author":"IBM SPSS",
			"Version":"1.0.0",
			"Product-Version":"18",
			"Date":"12/15/2015",
			"Plugins":"R"
		}
	},
	{
		"repository":"Publish_to_ArcGIS",
		"description":"Publish your SPSS analysis to Esri ArcGIS platform.",
		"pushed_at":"2015-12-24T08:39:15Z",
		"type":"Extension",
		"provider":"Business Partner",
		"software":"SPSS Modeler",
		"language":"R",
		"category":"Geospatial",
		"promotion":"No",
		"download_link":"https://github.com/IBMPredictiveAnalytics/Publish_to_ArcGIS/releases/download/1.0.0/Publish_to_ArcGIS.mpe",
		"image_link":"https://raw.githubusercontent.com/IBMPredictiveAnalytics/Publish_to_ArcGIS/master/default.png",
		"extension_detail_info": {
			"Name":"Publish_to_ArcGIS",
			"Dialog-Specs":"PublishEsri.cfe",
			"Code-Files":"script.R",
			"Misc-Files":"LICENSE,Illustration3.PNG,Illustration1.png,Crime_Small.sav,PushToArcGIS-SPSSModelerExtension.pdf,Illustration2.png,SampleStream.str,default.png",
			"Summary":"Publish your SPSS analysis to Esri ArcGIS platform. ",
			"Description":"Map your IBM SPSS data in Esri® ArcGIS Online. Export, transfer, load, your data for map visualization and deeper geospatial analytics. This node relies on the Requests API.",
			"Author":"IBM SPSS",
			"Version":"1.0.0",
			"Product-Version":"18",
			"Date":"12/15/2015",
			"Plugins":"R"
		}
	},
	{
		"repository":"Reverse_Geocoding_Esri",
		"description":"Code a point location (latitude, longitude) to a readable address or place name.",
		"pushed_at":"2015-12-24T08:39:52Z",
		"type":"Extension",
		"provider":"Business Partner",
		"software":"SPSS Modeler",
		"language":"R",
		"category":"Geospatial",
		"promotion":"No",
		"download_link":"https://github.com/IBMPredictiveAnalytics/Reverse_Geocoding_Esri/releases/download/1.0.0/Reverse_Geocoding_Esri.mpe",
		"image_link":"https://raw.githubusercontent.com/IBMPredictiveAnalytics/Reverse_Geocoding_Esri/master/default.png",
		"extension_detail_info": {
			"Name":"Reverse_Geocoding_Esri",
			"Dialog-Specs":"ReverseGeocoding.cfe",
			"Code-Files":"script.R",
			"Misc-Files":"LICENSE,Crime_Small.sav,output.png,ReverseGeoCodingStream.str,dialog.png,default.png,stream.png",
			"Summary":"Code a point location (latitude, longitude) to a readable address or place name. ",
			"Description":"This node allows you to obtain address data from a latitude and longitude using ESRI's reverse geocoding service.",
			"Author":"IBM SPSS",
			"Version":"1.0.0",
			"Product-Version":"18",
			"Date":"12/15/2015",
			"Plugins":"R"
		}
	},
	{
		"repository":"Web_Heatmaps",
		"description":"Create interactive heatmaps using different Esri Basemaps",
		"pushed_at":"2015-12-24T08:42:30Z",
		"type":"Extension",
		"provider":"Business Partner",
		"software":"SPSS Modeler",
		"language":"R",
		"category":"Geospatial",
		"promotion":"No",
		"download_link":"https://github.com/IBMPredictiveAnalytics/Web_Heatmaps/releases/download/1.0.0/Web_Heatmaps.mpe",
		"image_link":"https://raw.githubusercontent.com/IBMPredictiveAnalytics/Web_Heatmaps/master/default.png",
		"extension_detail_info": {
			"Name":"Web_Heatmaps",
			"Dialog-Specs":"WebHeatMaps.cfe",
			"Code-Files":"Script.r",
			"Misc-Files":"LICENSE,RtoolsInstall.png,Illustration1.png,Illustration3.png,Illustration2.png,default.png",
			"Summary":"Create interactive heatmaps using different Esri Basemaps.",
			"Description":"This node allows you to create a heatmap that is placed over a map of your choice. The extension comes with the option of 25 different types of base maps. The only input data needed to create the heat map is the longitude and latitude for the points of interest.",
			"Author":"IBM SPSS",
			"Version":"1.0.0",
			"Product-Version":"18",
			"Date":"12/15/2015",
			"Plugins":"R"
		}
	},
	{
		"repository":"Get_Coordinates_Esri",
		"description":"Get the latitude and the longitude of a location in IBM SPSS Modeler using Esri services",
		"pushed_at":"2015-12-24T08:15:59Z",
		"type":"Extension",
		"provider":"Business Partner",
		"software":"SPSS Modeler",
		"language":"R",
		"category":"Geospatial",
		"promotion":"No",
		"download_link":"https://github.com/IBMPredictiveAnalytics/Get_Coordinates_Esri/releases/download/1.0.0/Get_Coordinates_Esri.mpe",
		"image_link":"https://raw.githubusercontent.com/IBMPredictiveAnalytics/Get_Coordinates_Esri/master/default.png",
		"extension_detail_info": {
			"Name":"Get_Coordinates_Esri",
			"Dialog-Specs":"GeocodingESRI.cfe",
			"Code-Files":"script.R",
			"Misc-Files":"LICENSE,Illustration1.png,Illustration3.png,sample.str,Illustration2.png,sample.str-,default.png,Addresses-Chicago.csv,Geocoding-SPSSModelerExtension.pdf",
			"Summary":"Get the latitude and the longitude of a location in IBM SPSS Modeler using Esri services",
			"Description":"Get the latitude and the longitude of a location in IBM SPSS Modeler using Esri services.",
			"Author":"IBM SPSS",
			"Version":"1.0.0",
			"Product-Version":"18",
			"Date":"12/15/2015",
			"Plugins":"R"
		}
	},
	{
		"repository":"Read_JSON_File",
		"description":"Import an array of JSON objects into a SPSS Modeler Table",
		"pushed_at":"2015-12-24T08:39:38Z",
		"type":"Extension",
		"provider":"IBM",
		"software":"SPSS Modeler",
		"language":"R",
		"category":"Utility",
		"promotion":"No",
		"download_link":"https://github.com/IBMPredictiveAnalytics/Read_JSON_File/releases/download/1.0.0/Read_JSON_File.mpe",
		"image_link":"https://raw.githubusercontent.com/IBMPredictiveAnalytics/Read_JSON_File/master/default.png",
		"extension_detail_info": {
			"Name":"Read_JSON_File",
			"Dialog-Specs":"readJSON.cfe",
			"Code-Files":"script.R",
			"Misc-Files":"LICENSE,SampleJSONStream.str,tutorial.json,Illustration1_UserInput.png,ImportJSONFile-SPSSModelerExtension.pdf,Illustration2_DialogBox.png,default.png,Illustration3_OutputTable.PNG",
			"Summary":"Import an array of JSON objects into a SPSS Modeler Table.",
			"Description":"This SPSS Modeler ‘source’ node allows you to import data from a JSON array. This node parses the data from a JSON file and puts it in a table that can be used in SPSS The array is expanded to fit in a SPSS table. See Example for more information.",
			"Author":"IBM SPSS",
			"Version":"1.0.0",
			"Product-Version":"18",
			"Date":"12/15/2015",
			"Plugins":"R"
		}
	},
	{
		"repository":"Score_with_Zementis",
		"description":"Adapa scoring engine integrated with IBM SPSS",
		"pushed_at":"2015-12-24T08:40:07Z",
		"type":"Extension",
		"provider":"Business Partner",
		"software":"SPSS Modeler",
		"language":"R",
		"category":"Utility",
		"promotion":"No",
		"download_link":"https://github.com/IBMPredictiveAnalytics/Score_with_Zementis/releases/download/1.0.0/Score_with_Zementis.mpe",
		"image_link":"https://raw.githubusercontent.com/IBMPredictiveAnalytics/Score_with_Zementis/master/default.png",
		"extension_detail_info": {
			"Name":"Score_with_Zementis",
			"Dialog-Specs":"ZementisPostv17.cfe,ZementisPostv16.cfe",
			"Code-Files":"script.R",
			"Misc-Files":"LICENSE,Illustration1.png,Illustration3.png,Zementis-SPSSModelerExtension.pdf,Illustration4.png,Illustration2.png,default.png,Illustration5.png,sample_v17.str,sample_v16.str,irisFull.csv",
			"Summary":"Adapa scoring engine integrated with IBM SPSS.",
			"Description":"Adapa scoring engine integrated with IBM SPSS.",
			"Author":"IBM SPSS",
			"Version":"1.0.0",
			"Product-Version":"18",
			"Date":"12/15/2015",
			"Plugins":"R"
		}
	},
	{
		"repository":"Upload_Model_To_Zementis",
		"description":"Upload a SPSS Modeler PMML to Zementis Adapa  Cloud environment",
		"pushed_at":"2015-12-24T08:40:35Z",
		"type":"Extension",
		"provider":"Business Partner",
		"software":"SPSS Modeler",
		"language":"R",
		"category":"Utility",
		"promotion":"No",
		"download_link":"https://github.com/IBMPredictiveAnalytics/Upload_Model_To_Zementis/releases/download/1.0.0/Upload_Model_To_Zementis.mpe",
		"image_link":"https://raw.githubusercontent.com/IBMPredictiveAnalytics/Upload_Model_To_Zementis/master/default.png",
		"extension_detail_info": {
			"Name":"Upload_Model_To_Zementis",
			"Dialog-Specs":"ZementisUpload.cfe",
			"Code-Files":"script.R",
			"Misc-Files":"LICENSE,Illustration3.png,Zementis-SPSSModelerExtension.pdf,Illustration4.png,default.png,sample_v17.str,sample_v16.str,irisFull.csv",
			"Summary":"Upload a SPSS Modeler PMML to Zementis Adapa Cloud environment.",
			"Description":"Upload a SPSS Modeler PMML to Zementis Adapa Cloud Environment.",
			"Author":"IBM SPSS",
			"Version":"1.0.0",
			"Product-Version":"18",
			"Date":"12/15/2015",
			"Plugins":"R"
		}
	},
	{
		"repository":"List_Zementis_Models",
		"description":"List all the models in Zementis Cloud and inputs/outputs",
		"pushed_at":"2015-12-24T08:32:36Z",
		"type":"Extension",
		"provider":"Business Partner",
		"software":"SPSS Modeler",
		"language":"R",
		"category":"Utility",
		"promotion":"No",
		"download_link":"https://github.com/IBMPredictiveAnalytics/List_Zementis_Models/releases/download/1.0.0/List_Zementis_Models.mpe",
		"image_link":"https://raw.githubusercontent.com/IBMPredictiveAnalytics/List_Zementis_Models/master/default.png",
		"extension_detail_info": {
			"Name":"List_Zementis_Models",
			"Dialog-Specs":"ZementisGetModels.cfe",
			"Code-Files":"script.R",
			"Misc-Files":"LICENSE,Illustration1.png,Zementis-SPSSModelerExtension.pdf,default.png,sample_v17.str,sample_v16.str,irisFull.csv",
			"Summary":"List all the models in Zementis Cloud and inputs/outputs.",
			"Description":"List all the models in Zementis Cloud and inputs/outputs.",
			"Author":"IBM SPSS",
			"Version":"1.0.0",
			"Product-Version":"18",
			"Date":"12/15/2015",
			"Plugins":"R"
		}
	},
	{
		"repository":"Watson_Auto_Translate",
		"description":"Use Watson Services' Language Translation tool on IBM Bluemix to detect the language of your text and translate to a target language.",
		"pushed_at":"2015-12-24T08:40:55Z",
		"type":"Extension",
		"provider":"IBM",
		"software":"SPSS Modeler",
		"language":"R",
		"category":"Watson",
		"promotion":"No",
		"download_link":"https://github.com/IBMPredictiveAnalytics/Watson_Auto_Translate/releases/download/1.0.0/Watson_Auto_Translate.mpe",
		"image_link":"https://raw.githubusercontent.com/IBMPredictiveAnalytics/Watson_Auto_Translate/master/default.png",
		"extension_detail_info": {
			"Name":"Watson_Auto_Translate",
			"Dialog-Specs":"WatsonAutoTranslate.cfe",
			"Code-Files":"script.R",
			"Misc-Files":"LICENSE,Illustration1.png,Illustration3.png,Language_Extensions.str,Illustration2.png,Getting Started with Watson Services on Bluemix.pdf,default.png,Watson-Auto-Translate-SPSSModelerExtension.pdf",
			"Summary":"Use Watson Services' Language Translation tool on IBM Bluemix to detect the language of your text and translate to a target language.",
			"Description":"This node allows you to use the Watson Language Translation service on the Bluemix platform from within SPSS Modeler. This extension identifies the language of the input text and converts it to the desired target language. The output for this node is a new data table that contains new columns for the language of the input text and the translated text in the target language. Important: At this time, the Watson service cannot translate from non-English to non-English, meaning English must either be the source or target language.",
			"Author":"IBM SPSS",
			"Version":"1.0.0",
			"Product-Version":"18",
			"Date":"12/15/2015",
			"Plugins":"R"
		}
	},
	{
		"repository":"Watson_Language_ID",
		"description":"Use Watson Services' Language Translation tool on IBM Bluemix to detect the language of your text.",
		"pushed_at":"2015-12-24T08:41:15Z",
		"type":"Extension",
		"provider":"IBM",
		"software":"SPSS Modeler",
		"language":"R",
		"category":"Watson",
		"promotion":"No",
		"download_link":"https://github.com/IBMPredictiveAnalytics/Watson_Language_ID/releases/download/1.0.0/Watson_Language_ID.mpe",
		"image_link":"https://raw.githubusercontent.com/IBMPredictiveAnalytics/Watson_Language_ID/master/default.png",
		"extension_detail_info": {
			"Name":"Watson_Language_ID",
			"Dialog-Specs":"WatsonLanguageID.cfe",
			"Code-Files":"script.r",
			"Misc-Files":"LICENSE,sample.csv,Illustration3.PNG,Illustration1.png,Language_Extensions.str,Watson-Language-ID-SPSSModelerExtension.pdf,Illustration2.png,Getting Started with Watson Services on Bluemix.pdf,default.png",
			"Summary":"Use Watson Services' Language Translation tool on IBM Bluemix to detect the language of your text.",
			"Description":"This node allows you to use the Watson Language Translation service on the Bluemix platform from within IBM SPSS Modeler. This extension identifies the language of the input text and provides a two letter language ID for the source language. The output for this node is a new data table that contains a new column with the language identification of the input text.",
			"Author":"IBM SPSS",
			"Version":"1.0.0",
			"Product-Version":"18",
			"Date":"12/16/2015",
			"Plugins":"R"
		}
	},
	{
		"repository":"Watson_Translate",
		"description":"Use Watson Services' Language Translation tool on IBM Bluemix to translate your source text to a target language.",
		"pushed_at":"2015-12-24T08:42:11Z",
		"type":"Extension",
		"provider":"IBM",
		"software":"SPSS Modeler",
		"language":"R",
		"category":"Watson",
		"promotion":"No",
		"download_link":"https://github.com/IBMPredictiveAnalytics/Watson_Translate/releases/download/1.0.0/Watson_Translate.mpe",
		"image_link":"https://raw.githubusercontent.com/IBMPredictiveAnalytics/Watson_Translate/master/default.png",
		"extension_detail_info": {
			"Name":"Watson_Translate",
			"Dialog-Specs":"WatsonTranslate.cfe",
			"Code-Files":"script.r",
			"Misc-Files":"LICENSE,Illustration1.png,Illustration3.png,Language_Extensions.str,Illustration2.png,Getting Started with Watson Services on Bluemix.pdf,default.png,Watson-Translate-SPSSModelerExtension.pdf",
			"Summary":"Use Watson Services' Language Translation tool on IBM Bluemix to translate your source text to a target language.",
			"Description":"This node allows you to use the Watson Language Translation service on the Bluemix platform from within SPSS Modeler. This extension translates the language of the input text from the source language to a target language. The output for this node is a new data table that contains a new column for the translated text. Important: At this time, the Watson service cannot translate from non-English to non-English, meaning English must either be the source or target language.",
			"Author":"IBM SPSS",
			"Version":"1.0.0",
			"Product-Version":"18",
			"Date":"12/16/2015",
			"Plugins":"R"
		}
	},
	{
		"repository":"Watson_Personality_Insights",
		"description":"Use Watson Services' Personality Insights tool on IBM Bluemix to analyze the personality of the author of sample text.",
		"pushed_at":"2015-12-24T08:41:34Z",
		"type":"Extension",
		"provider":"IBM",
		"software":"SPSS Modeler",
		"language":"R",
		"category":"Watson",
		"promotion":"No",
		"download_link":"https://github.com/IBMPredictiveAnalytics/Watson_Personality_Insights/releases/download/1.0.0/Watson_Personality_Insights.mpe",
		"image_link":"https://raw.githubusercontent.com/IBMPredictiveAnalytics/Watson_Personality_Insights/master/default.png",
		"extension_detail_info": {
			"Name":"Watson_Personality_Insights",
			"Dialog-Specs":"WatsonPersonalityInsights.cfe",
			"Code-Files":"script.r",
			"Misc-Files":"LICENSE,Illustration1.png,DemoStream.str,Illustration3.png,data.txt,Connecting Watson to SPSS Modeler.pptx,Watson-Personality-Insights-SPSSModelerExtension.pdf,Test and Build Model (v17 Only).str,Illustration2.png,Getting Started with Watson Services on Bluemix.pdf,default.png",
			"Summary":"Use Watson Services' Personality Insights tool on IBM Bluemix to analyze the personality of the author of sample text.",
			"Description":"This SPSS Modeler node allows you to easily send text to the Watson Personality Insights Service and get scores on 52 different personality attributes. Watson Personality Insights allows users to derive insights from social media, enterprise data, or other digital communications. The service uses linguistic analytics to extract cognitive and social characteristics, including Big Five personality, values, and needs, from text. The results from Personality Insights can help businesses to understand their clients' preferences and improve customer satisfaction by anticipating customer needs and recommending the next best actions. IBM SPSS Modeler can use the results from Personality Insights as additional predictors in machine learning models. To learn more about this service please visit the IBM Watson Developer Cloud",
			"Author":"IBM SPSS",
			"Version":"1.0.0",
			"Product-Version":"18",
			"Date":"12/16/2015",
			"Plugins":"R"
		}
	},
	{
		"repository":"MLlib_Pagerank",
		"description":"Estimating the relative importance of individuals within a social network using Spark MLlib",
		"pushed_at":"2015-12-24T08:33:20Z",
		"type":"Extension",
		"provider":"IBM",
		"software":"SPSS Modeler",
		"language":"Python 2",
		"category":"Analysis",
		"promotion":"No",
		"download_link":"https://github.com/IBMPredictiveAnalytics/MLlib_Pagerank/releases/download/1.0.0/MLlib_Pagerank.mpe",
		"image_link":"https://raw.githubusercontent.com/IBMPredictiveAnalytics/MLlib_Pagerank/master/default.png",
		"extension_detail_info": {
			"Name":"MLlib_Pagerank",
			"Dialog-Specs":"SparkPageRank.cfe",
			"Code-Files":"sourceCode.py",
			"Misc-Files":"LICENSE,Illustration1.png,pyspark_pagerank.str,enron.csv,default.png",
			"Summary":"Estimating the relative importance of individuals within a social network using Spark MLlib.",
			"Description":"The scenario here is to perform analysis on the social graph using data on email exchanges. We use a small extract from the enron corpus (see enron.csv) listing the source and destination of e-mails. We use the pagerank algorithm to rank enron employees where an email from person A to person B is seen as A in some way endorsing B. Estimating the relative importance of individuals within a social network is a key step for a number of applications including fraud investigation and marketing.  PageRank measure the importance of each vertex in a graph, assuming an edge from u to v represents an endorsement of v's importance by u.",
			"Author":"IBM SPSS",
			"Version":"1.0.0",
			"Product-Version":"18",
			"Date":"12/16/2015"
		}
	},
	{
		"repository":"Cloudant",
		"description":"Import data from a Cloudant database to IBM SPSS Modeler",
		"pushed_at":"2015-12-24T08:03:47Z",
		"type":"Extension",
		"provider":"IBM",
		"software":"SPSS Modeler",
		"language":"R",
		"category":"Utility",
		"promotion":"No",
		"download_link":"https://github.com/IBMPredictiveAnalytics/Cloudant/releases/download/1.0.0/Cloudant.mpe",
		"image_link":"https://raw.githubusercontent.com/IBMPredictiveAnalytics/Cloudant/master/default.png",
		"extension_detail_info": {
			"Name":"Cloudant",
			"Dialog-Specs":"Cloudant.cfe",
			"Code-Files":"script.r",
			"Misc-Files":"LICENSE,Illustration3_Dialog2.png,Illustration1_Stream.png,Mining Cloud Data with SPSS.pdf,Illustration2_Dialog1.png,Cloudant-SPSSModelerExtension.pdf,default.png,cloudant_import_demo_complete_real_sensor.str",
			"Summary":"Import data from a Cloudant database to IBM SPSS Modeler.",
			"Description":"This node allows you to import data from a Cloudant database to be used in IBM SPSS Modeler. You can retrieve a dump of the whole database, retrieve a document from its ID or perform a query using a preset view. In order to use this node you must have a Bluemix account with the Cloudant service added. By adding this service you will create “host” credentials that are needed by this node. After adding the service in Bluemix you can access the Cloudant dashboard to create or update databases.",
			"Author":"IBM SPSS",
			"Version":"1.0.0",
			"Product-Version":"18",
			"Date":"12/16/2015",
			"Plugins":"R"
		}
	},
	{
		"repository":"MLlib_CF",
		"description":"Spark MLLib Collaborative filtering commonly used for recommender systems.",
		"pushed_at":"2015-12-24T08:32:57Z",
		"type":"Extension",
		"provider":"IBM",
		"software":"SPSS Modeler",
		"language":"Python 2",
		"category":"Analysis",
		"promotion":"No",
		"download_link":"https://github.com/IBMPredictiveAnalytics/MLlib_CF/releases/download/1.0.0/MLlib_CF.mpe",
		"image_link":"https://raw.githubusercontent.com/IBMPredictiveAnalytics/MLlib_CF/master/default.png",
		"extension_detail_info": {
			"Name":"MLlib_CF",
			"Dialog-Specs":"randomforest.cfe,MLlibCF.cfe",
			"Code-Files":"script.py",
			"Misc-Files":"LICENSE,Illustration1.png,movie_titles.csv,CF_Test.csv,default.png,pyspark_cf.str,CF_Train.csv",
			"Summary":"Spark MLLib Collaborative filtering commonly used for recommender systems.",
			"Description":"This extension is based on the Collaborative Filtering algorithm part of MLlib. MLlib is Spark's machine learning (ML) library. Its goal is to make practical machine learning scalable and easy. In this repository it is included the IBM SPSS Modeler Extension and a sample stream with the training and testing dataset.",
			"Author":"IBM SPSS",
			"Version":"1.0.0",
			"Product-Version":"18",
			"Date":"12/15/2015"
		}
	}
]
}