{
	"license_index": [
		{
			"license_file_name":"license1.txt",
			"repository_names":["SPSSINC_CENSOR_TABLES","SPSSINC_COMPARE_DATASETS","SPSSINC_CREATE_DUMMIES","SPSSINC_GETURI_DATA","SPSSINC_HETCOR","SPSSINC_MERGE_TABLES","SPSSINC_MODIFY_TABLES","SPSSINC_PROCESS_FILES","SPSSINC_MFP_GLM","SPSSINC_MODIFY_OUTPUT","SPSSINC_PROCESS_FILES_SEARCH","SPSSINC_PROGRAM","SPSSINC_QQPLOT2","SPSSINC_QUANTREG","SPSSINC_RAKE","SPSSINC_RANFOR","SPSSINC_RANPRED","SPSSINC_RASCH","SPSSINC_ROBUST_REGR","SPSSINC_SELECT_VARIABLES","SPSSINC_BREUSCH_PAGAN","SPSSINC_SPLIT_DATASET","SPSSINC_SUMMARY_TTEST","SPSSINC_TOBIT_REGR","SPSSINC_TRANS","SPSSINC_TRANSLATE_OUTPUT","STATS_ADJUST_WIDTHS","STATS_BAGPLOT","STATS_BENCHMRK","STATS_CANCORR","STATS_CARTPROD","STATS_CATEGORY_ORDER","STATS_CLUS_SIL","STATS_COMPRISK","STATS_COXREGR","STATS_DATA_DATE","STATS_DATASET","STATS_DBPRED","STATS_DBSCAN","STATS_DISAGG","STATS_DISTFIT","STATS_EQNSYSTEM","STATS_FIND_FILE","STATS_FIRTHLOG","STATS_GARCH","STATS_GBM","STATS_GBMPRED","STATS_GET_R","STATS_GET_TRIPLES","STATS_GRM","STATS_HECKMAN_REGR","STATS_IF","STATS_INEQUALITY","STATS_IRM","STATS_KERNEL_DENSITY","STATS_LATENT_CLASS","STATS_LOESS","STATS_LP","STATS_MCSET_CONVERT","STATS_OPEN_PROJECT","STATS_OPTBINEX","STATS_OPTIMAL_DESIGNMC","STATS_OUTPUT_ATTRS","STATS_PADJUST","STATS_PMML_DISPLAY","STATS_PROPOR_REGR","STATS_PROPOR_REGRPRED","STATS_RDD","STATS_REGRESS_PLOT","STATS_RELIMP","STATS_SOUND","STATS_STRUC_CHANGE","STATS_SUBGROUP_PLOTS","STATS_SURVREG","STATS_SVM","STATS_TABLE_CALC","STATS_TSTESTS","STATS_VALLBLS_FROMDATA","STATS_WEIBULL_PLOT","STATS_ZEROINFL","TEXT","CFA","ColPropTest","CWD","FormatCorrelations","FUZZY","GATHERMD","generalopen","LSMON","PLS","PROPOR","PSM","STATS_QUOTE_SQLTEXT","RBoxplotFamily","RegBestSubsets","RegBoxCoxTransforms","RegCompResPlots","RMosaicAndAssociationPlots","RRegDiagGraph","RRegDiagTest","RRegRidge","SCRIPTEX","SETSMACRO","SimulateActiveDataset","SPSSINC_RECODEEX","SPSSINC_ANON","SPSSINC_APRIORI","SPSSINC_TURF","STATS_EXRASCH","STATS_FLEISS_KAPPA","STATS_WEIGHTED_KAPPA","STATS_BAYES_ANOVA","Rboxplot","STATS_BAYES_CROSSTABS","STATS_BAYES_REGR","STATS_BAYES_TTEST","STATS_C50_TREE","STATS_NONPAR_REGR","STATS_GETSET_DATASET","STATS_POPULATION_DESCRIPTIVES","STATS_QUADE_ANCOVA","STATS_ROC_COMPARE_INDEPENDENT","Descriptive_Statistics_Example","FUZZY_Python3"]
		},
		{
			"license_file_name":"license2.txt",
			"repository_names":["Benfords_Law_Analysis","Traveling_Salesperson_Problem","STATS_CORRELATIONS","STATS_GAM","STATS_SPLINES","Naive_Bayes_Classifier","Select_Predictors"]
		},
		{
			"license_file_name":"license3.txt",
			"repository_names":["STATS_R33_CONFIGURATION","STATS_R35_CONFIGURATION","STATS_R36_CONFIGURATION"]
		},
		{
			"license_file_name":"license4.txt",
			"repository_names":["DataDotWorld_Export_SPSS_Stats","DataDotWorld_Import_SPSS_Stats"]
		}
	]
}